team,player_id,player_name,created_at,details,fantasy_details,scrape_date
anaheim-ducks,8477527,Ross Johnston,2025-10-21T19:54:00.116-04:00,Johnston will draw into the Ducks lineup on Tuesday. ,"Johnston will re-enter Anaheim's lineup on Tuesday after serving as a healthy scratch on Sunday. He will slot in for Chris Kreider, who was a surprise scratch due to an illness. ",2025-12-19
anaheim-ducks,8480068,Ryan Poehling,2025-11-28T15:47:22.140-05:00,Poehling (upper-body) will return vs. Los Angeles on Friday. ,"Poehling has not played since November 11th, recovering from an upper-body injury, but he will return to the lineup on Friday against the Los Angeles Kings. The 26-year-old has five points (1G / 5A) in 16 games this season. Jansen Harkins will serve as a healthy scratch to accommodate Poehlin's return. ",2025-12-19
anaheim-ducks,8483490,Pavel Mintyukov,2025-12-15T18:55:56.084-05:00,Mintyukov will draw into the Ducks lineup on Monday. ,Mintyukov will slot right back into Anaheim's lineup after sitting out the Ducks game in New Jersey on Saturday. Drew Helleson will sit in his place. ,2025-12-19
anaheim-ducks,8481563,Drew Helleson,2025-12-15T18:56:40.532-05:00,Helleson is a healthy scratch for Monday's game in New York. ,Helleson will take a seat on Monday in favour of Pavel Mintyukov. Helleson has two goals and seven assists in 32 games this season. ,2025-12-19
anaheim-ducks,,Lukas Dostal,2025-12-19T13:58:01.925-05:00,Dostal will start vs. Dallas on Friday. ,"Dostal's last outing was in Monday's 4-1 win over the New York Rangers, an excellent effort where he saved 26 of 27 shots (.963 SV%). The 25-year-old Czech goalie returns to the crease on Friday against the Dallas Stars, looking to build on a 2.73 GAA and .905 SV% in 19 games (12-6-1). Dostal struggled in a meeting against the Stars last month, allowing five goals on 26 shots (.808 SV%), but salvaged a 7-5 victory. The Ducks enter the action on Friday as slight -100 home underdogs. ",2025-12-19
anaheim-ducks,,Petr Mrazek,2025-12-18T17:58:43.342-05:00,Mrazek (lower-body) has been activated from IR. ,,2025-12-19
anaheim-ducks,8475184,Chris Kreider,2025-10-30T14:39:07.134-04:00,Kreider (illness) returned to Anaheim's practice on Thursday and is expected to return on Friday vs. Detroit. ,"Kreider has missed the Ducks' last four games, recovering from an illness, but was back at practice on Thursday. Before his absence, the 34-year-old power forward was off to a strong start in his first season away from the New York Rangers, scoring five points (4G / 1A) in five games, including three goals scored on the powerplay. ",2025-12-19
anaheim-ducks,8478873,Troy Terry,2025-10-16T13:54:40.184-04:00,Terry (personal) missed practice on Thursday but is still expected to play vs. Carolina. ,"Despite being absent from practice on Thursday to tend to personal matters, Terry will likely play in the evening against the Carolina Hurricanes. The 28-year-old Terry has been suiting up on a line with Frank Vatrano and Mikael Granlund. Terry has three points (0G / 3A) through three games. ",2025-12-19
anaheim-ducks,8484762,Beckett Sennecke,2024-09-05T20:55:04.954-04:00,Sennecke suffered a foot fracture in offseason training and is expected to miss 6-8 weeks.,"Anaheim was dealt a tough pre-training camp blow on Thursday as Beckett Sennecke announced he would be out for 6-to-8 weeks after suffering a foot fracture during off-season training. The 18-year-old right-wing prospect was Anaheim's 2024 1st-round selection (3rd overall) and was expected to compete for a roster spot in training camp prior to the injury. In 63 games with Oshawa (OHL) in 2023-24, he had 27 goals and 68 points. ",2025-12-19
anaheim-ducks,8482745,Mason McTavish,2025-09-27T14:21:44.378-04:00,Anaheim signed Mason McTavish to a six-year extension worth $7 million AAV ($42M total).,"With just over a week of training camp left, Anaheim has completed a key piece of business by signing Mason McTavish to a six-year extension worth an estimated $7 million AAV ($42M total). The 22-year-old is entering his fourth full season in Anaheim after putting up career highs in goals (22), assists (30), points (52) and SOG (180) across 76 games played in 2024-25. He is expected to be a key part of Anaheim's top-six and power play in 2025-26. ",2025-12-19
anaheim-ducks,8476458,Ryan Strome,2025-12-05T13:25:18.571-05:00,Strome will draw back into Anaheim's lineup vs. Washington on Friday. ,"Strome was a healthy scratch in Anaheim's previous two games, but will return to the lineup on Friday against the Washington Capitals. The 32-year-old veteran forward has three points (1G / 2A) in nine games this season. ",2025-12-19
anaheim-ducks,8483445,Cutter Gauthier,2024-04-18T10:10:56.405-04:00,Gauthier will make his NHL debut on Thursday vs. Vegas. ,Gauthier was acquired in a trade from the Philadelphia Flyers earlier this season and will make his NHL debut on Thursday against the Vegas Golden Knights. The 20-year-old Gauthier was the fifth overall pick of the Flyers in the 2022 NHL Entry Draft and has spent the last two seasons playing collegiate hockey. He scored an impressive 65 points (38G / 27A) in 41 games with Boston College this season. ,2025-12-19
anaheim-ducks,8484153,Leo Carlsson,2024-12-23T21:33:15.609-05:00,Carlsson (undisclosed) is expected to play in Vegas on Monday. ,Carlsson was limited to only 11:41 time-on-ice before exiting Sunday's 5-4 win over Utah HC with an undisclosed injury. The second-year forward has 12 points (7G / 5A) in 26 games this season and has only one point (1G / 0A) in his last seven.,2025-12-19
anaheim-ducks,8473986,Alex Killorn,2025-11-13T19:03:27.574-05:00,Killorn (upper-body) will play in Detroit on Thursday. ,"Killorn took a puck to the face at morning skate on Thursday, but will play in the evening against the Detroit Red Wings. The 36-year-old Killorn is averaging 16:32 time-on-ice and has five points (1G / 4A) in 16 games this season.",2025-12-19
anaheim-ducks,,Jackson Lacombe,2025-10-02T13:59:14.286-04:00,"Anaheim has signed Jackson LaCombe to an eight-year, $9 million AAV contract extension ($72M total).","LaCombe had an outstanding sophomore campaign with the Ducks in 2024-25, scoring a career-high 43 point (14G / 29A) in 75 games, earning himself a massive eight-year, $72 million contract ($9M AAV). The talented 24-year-old defenseman is poised to start the 2025-26 season on the top powerplay unit for an improving young Ducks team and could be destined for another career-best season. ",2025-12-19
anaheim-ducks,8475462,Radko Gudas,2025-11-17T14:02:32.322-05:00,Gudas (lower-body) will return to Anaheim's lineup on Monday vs. Utah. ,"Gudas has not played since October 23rd, but will finally return from a lower-body injury on Monday against the Utah Mammoth. The 35-year-old Czech defenseman has two points (0G / 2A), 12 blocks, and 23 hits in seven games this season. Pavel Mintyukov will be a heathy scratch to accommodate the return of Gudas. ",2025-12-19
anaheim-ducks,8475798,Mikael Granlund,2025-12-05T13:24:55.177-05:00,Granlund (lower-body) is expected to return to Anaheim's lineup vs. Washington on Friday. ,"Granlund has had trouble finding his groove with his new team, missing two multi-week stints due to injuries, but is set to return to the lineup on Friday against the Washington Capitals. Despite his lack of consistency in the lineup, the 33-year-old Granlund is off to a solid start with nine points (3G / 6A) in nine games. ",2025-12-19
anaheim-ducks,8478366,Frank Vatrano,2025-01-05T14:58:00.940-05:00,"The Ducks have signed Frank Vatrano to a three-year deal worth $18.0M (structure will allow it to carry a $4.57M AAV cap hit). 

",,2025-12-19
anaheim-ducks,8482178,Ian Moore,2025-12-13T12:09:58.599-05:00,Moore will draw into the Ducks lineup on Saturday. ,,2025-12-19
anaheim-ducks,8476885,Jacob Trouba,2025-04-10T21:32:31.573-04:00,Trouba (lower-body) will return to the Ducks lineup on Thursday.,"Trouba is a surprise addition to the Ducks' lineup on Thursday as they get set to face the Kings. The 31-year-old Trouba is averaging 20:42 time-on-ice, recording eight points (1G / 7A), 42 penalty minutes, 133 blocks, and 117 hits in 49 games with the Ducks this season.",2025-12-19
carolina-hurricanes,8477478,William Carrier,2025-11-08T18:49:28.962-05:00,"Carrier is on the ice for warmups and is expected to play on Saturday. 
",,2025-12-19
carolina-hurricanes,8476873,Mark Jankowski,2025-12-09T14:03:56.471-05:00,Jankowski will draw back into Carolina's lineup vs. Columbus on Tuesday. ,"Jesperi Kotkaniemi will be a healthy scratch on Tuesday against the Columbus Blue Jackets, allowing Jankowski to re-enter the lineup. The 31-year-old Jankowski has four points (1G / 3A) and is averaging 11:05 time-on-ice through 17 games this season. ",2025-12-19
carolina-hurricanes,8480829,Jesperi Kotkaniemi,2025-12-19T12:57:51.100-05:00,Kotkaniemi will draw back into Carolina's lineup in Florida on Friday.,"Kotkaniemi has been a healthy scratch for the past few games, but will re-enter the lineup on Friday against the Florida Panthers. The 26-year-old Kotkaniemi recently returned from a multi-week absence due to an injury, and has a -2 plus/minus while averaging 12:22 time-on-ice in his two games since returning. ",2025-12-19
carolina-hurricanes,8480336,Sean Walker,2025-05-27T12:34:33.445-04:00,Walker (undisclosed) could be an option on Wednesday for Game 5. ,Walker has not played since Game 2 on May 22nd but could potentially return on Wednesday for Game 5. The 30-year-old Walker is averaging 18:24 time-on-ice and has three points (1G / 2A) in 12 games this postseason. ,2025-12-19
carolina-hurricanes,,Brandon Bussi,2025-12-19T12:43:31.058-05:00,Bussi is in the starter's crease at Carolina's morning skate. ,"If not for an injury to Pyotr Kochetkov to start the 2025-26 season, Bussi would likely not be in the mix for the Hurricanes, but excellent play has earned him his fourth start in the last six games. The 27-year-old Bussi, a first-year NHLer, has a solid 2.05 GAA and .911 SV% in 12 games this season (11-1-0). Even better, he boasts a 1.55 GAA and .929 SV% in his last six games (6-0-0). The Hurricanes enter the action on Friday as -131 road favorites against a Panthers team that has won six of its last seven games (6-1-0). ",2025-12-19
carolina-hurricanes,,Pyotr Kochetkov,2025-12-17T12:37:06.965-05:00,Kochetkov will start in Nashville on Wednesday. ,"The Hurricanes are riding a four-game winning streak and will turn to Kochetkov to tend the twine on Wednesday against the Nashville Predators. The 26-year-old Kochetkov has been far from outstanding lately, but has salvaged a solid 4-1-0 record courtesy of strong team play while posting a 2.25 GAA and .881 SV% in his last six appearances. The Hurricanes enter Wednesday's contest as -173 road favorites against a suddenly surging Predators team that is 5-2-0 in its last seven games. ",2025-12-19
carolina-hurricanes,8480830,Andrei Svechnikov,2025-04-08T12:42:37.838-04:00,Svechnikov (undisclosed) will return in Buffalo on Tuesday. ,"Svechnikov has not played since April 2nd and has only played three games in the last month, but made his return to practice on Monday, and will play on Tuesday. The 25-year-old Svechnikov is averaging 17:12 time-on-ice and has 45 points (19G / 26A) in 66 games this season.",2025-12-19
carolina-hurricanes,8476906,Shayne Gostisbehere,2025-11-11T10:32:31.681-05:00,Gostisbehere (mid-body) is expected to return vs. Washington on Tuesday. ,"Gostisbehere has only played one game in the past three weeks, battling through injuries, but will return to the lineup on Tuesday against the Washington Capitals. The 32-year-old Gostisbehere has been impressive offensively when in the lineup this season, with seven points (1G / 6A) in six games. He is expected to return to his familiar spot on the team's top powerplay unit. ",2025-12-19
carolina-hurricanes,8482809,Jackson Blake,2025-07-24T22:42:40.771-04:00,Carolina has signed Jackson Blake to an eight-year extension worth $5.625 AAV ($45M total).,"Blake still has a season left in his Entry Level Contract, but has signed an eight-year contract extension worth  $5.625 AAV ($45M total) due to the new CBA rules that limit contracts to seven years starting in September. Blake had a standout rookie season in 2024-25, finishing ninth in Calder Trophy voting after putting up 17 goals, 34 points and a +10 plus/minus in 80 games played. ",2025-12-19
carolina-hurricanes,8482702,Logan Stankoven,2025-07-01T11:01:26.356-04:00,"The Hurricanes signed Logan Stankoven to an 8-year deal worth $6.0M AAV ($48.0M total). 
","Carolina acquired Stankoven at last year's trade deadline in the blockbuster that sent Mikko Rantanen to Dallas and will remain a Hurricane for at least eight more seasons after signing a team-friendly 8-year deal worth $6.0M AAV ($48.0M total). The 22-year-old is coming off his first full NHL season, where he put up 14 goals, 38 points and 194 SOG in 78 games played. ",2025-12-19
carolina-hurricanes,8477940,Nikolaj Ehlers,2025-07-03T14:59:39.922-04:00,Carolina has signed Nikolaj Ehlers to a six-year contract worth $8.5 million AAV ($51M total). ,"The biggest free agent target is off the board after Carolina agreed to a six-year, $51 million contract ($8.5 million AAV) with Nikolaj Ehlers on Thursday. The 29-year-old star winger leaves Winnipeg after 10 up-and-down seasons and a 24-goal, 63-point campaign in 2024-25. He is expected to take a top-six and top power-play role in Carolina. ",2025-12-19
carolina-hurricanes,8475791,Taylor Hall,2025-04-30T10:08:59.840-04:00,"Carolina has signed Taylor Hall to a three-year, $9.501 million contract extension ($3.167 million AAV).","The Hurricanes acquired Hall in a trade from the Chicago Blackhawks midseason and was a effective player in a secondary role with the club. The 33-year-old Hall scored 18 points (9G / 9A) in 31 games with the Hurricanes. He had 28 points (11G / 17A) in 56 games with the Blackhawks over the previous two seasons. The former Hart trophy winner has been a solid offensive contributor through one round of the 2024-25 playoffs as well, scoring three points (1G / 2A) in five games. ",2025-12-19
carolina-hurricanes,8476921,Jordan Martinook,2025-12-19T12:41:44.852-05:00,Martinook (lower-body) will be out vs. Florida on Friday. ,"Martinook was limited to only 5:44 time-on-ice in Wednesday's 4-1 win over the Nashville Predators, exiting the game with a lower-body injury. The 33-year-old has 11 points (4G / 7A) in 33 games and will be out of the lineup on Friday against the Florida Panthers. ",2025-12-19
carolina-hurricanes,,Charles-Alexis Legault,2025-11-11T11:12:57.678-05:00,Legault had surgery to repair multiple torn extensor tendons on his hand and is expected to be out for 3-4 months. ,Legault appeared to suffer a laceration on his hand during a second-period scrum in Sunday's 5-4 win over the Toronto Maple Leafs. The 22-year-old rookie defenseman left a trail of blood on the ice as he skated off to the dressing room. He has since undergone successful surgery to repair multiple torn extensor tendons on his right hand and will be sidelined for three to four months. ,2025-12-19
carolina-hurricanes,8478427,Sebastian Aho,2025-04-16T13:22:58.518-04:00,"Aho (rest) is not expected to play on Wednesday. 
","With the Carolina Hurricanes locked into a first-round matchup against the New Jersey Devils, Aho will be one of several key players getting some extra rest on Wednesday night. The 27-year-old Aho has 74 points (29G / 45A) in 79 games this season. ",2025-12-19
carolina-hurricanes,8482093,Seth Jarvis,2025-11-15T18:47:17.744-05:00,Jarvis (upper-body) will play after being a game-time decision vs. Edmonton. ,,2025-12-19
carolina-hurricanes,8476958,Jaccob Slavin,2025-12-17T13:24:08.228-05:00,Slavin (lower-body) returned to Carolina's lineup vs. Philadelphia on Sunday. ,"Slavin returned from a two-month absence due to a lower-body injury in Sunday's 3-2 shootout win over the Philadelphia Flyers. He was eased into the lineup, playing only 14:31 time-on-ice on the Hurricanes' third defensive pair. ",2025-12-19
carolina-hurricanes,8480817,K'Andre Miller,2025-12-06T18:52:48.010-05:00,Miller (illness) will play against the Predators on Saturday. ,,2025-12-19
carolina-hurricanes,8473533,Jordan Staal,2025-11-30T14:56:08.640-05:00,Staal (illness) is expected to draw back into the lineup on Sunday. ,,2025-12-19
carolina-hurricanes,8480762,Eric Robinson,2025-11-08T18:49:13.652-05:00,"Robinson is on the ice for warmups and is expected to play on Saturday. 
",,2025-12-19
carolina-hurricanes,8482100,Alexander Nikishin,2025-11-23T11:22:19.789-05:00,Nikishin will draw back into the Hurricanes' lineup on Sunday. ,"Nikishin was a healthy scratch in Winnipeg on Friday, but will draw back into the lineup on Sunday. The Hurricanes did not announce who Nikishin will replace in the leinup. He has picked up eight points (2G / 6A) and a plus-14 rating in 20 games this season. ",2025-12-19
carolina-hurricanes,8478970,Jalen Chatfield,2025-11-21T19:40:56.518-05:00,Chatfield (concussion) will play in Winnipeg on Friday. ,"Chatfield last played on November 6th due to a concussion, but will return to the lineup on Friday against the Winnipeg Jets. The 29-year-old stay-at-home defensemen is in his sixth season in Carolina and has three assists, eight PIMs and 20 SOG in 13 GP this season.",2025-12-19
colorado-avalanche,8479525,Ross Colton,2025-04-29T15:13:29.851-04:00,Colton (lower-body) is unlikely to return for Colorado's first round series. ,Colton has not played since exiting Game 1 and will likely be sidelined for the remainder of the first round. The 28-year-old Colton had the 29 points (16G / 13A) in 61 games this season. ,2025-12-19
colorado-avalanche,8481641,Joel Kiviranta,2025-12-12T15:36:46.282-05:00,Kiviranta (eye) is a possibility to return vs. Nashville on Saturday. ,"Kiviranta exited Thursday's 6-2 win over the Florida Panthers after only 3:58 time-on-ice due to a concern with his eye, but he may be able to suit up on Saturday against the Nashville Predators. The 29-year-old Kiviranta missed over a month earlier this season because of a lower-body injury. He has two points (1G / 1A) through 14 games in a fourth-line role this season. ",2025-12-19
colorado-avalanche,8470613,Brent Burns,2025-07-02T21:48:58.378-04:00,Colorado has signed Brent Burns to a one-year contract worth $1 million AAV (potential for $3 million off bonuses).,"The NHL's current iron man (925 consecutive games) has found a new home on Wednesday as Colorado signed Brent Burns to a one-year contract. The 40-year-old veteran is entering his 22nd NHL season with his fourth team. Despite his age, he has managed to stay effective, putting up six goals and 29 points last season alongside a +7 plus/minus across 82 games played. ",2025-12-19
colorado-avalanche,8479398,Samuel Girard,2025-11-13T13:01:10.832-05:00,Girard (upper-body) will return to Colorado's lineup vs. Buffalo on Thursday. ,"Girard has not played since suffering an upper-body injury in Colorado's second game of the season, but will make his return to the lineup on Thursday against the Buffalo Sabres. The 27-year-old Girard has seen a decreased role in recent seasons, but still tallied 24 points (3G / 21A) in 73 games last season.",2025-12-19
colorado-avalanche,,Scott Wedgewood,2025-12-19T13:27:06.564-05:00,Wedgewood will start vs. Winnipeg on Friday. ,"Injuries have lessened Wedgewood's workload lately, but back to full health, he has remained solid for Colorado and will return to the crease on Friday against the Winnipeg Jets. The 33-year-old Wedgewood has a stellar 2.11 GAA and .920 SV% in 21 games (14-1-4). He has never won more than 16 games in a season and is on pace to shatter that total in 2025-26. The Avalanche enter the action on Friday as sizable -245 home favourites against a Jets team that has struggled to produce offence, coming off a 1-0 loss to the St. Louis Blues. ",2025-12-19
colorado-avalanche,,Mackenzie Blackwood,2025-12-16T14:37:00.700-05:00,Blackwood will start in Seattle on Tuesday. ,"The league-leading Avalanche will turn to Blackwood to tend the twine on Tuesday against the Seattle Kraken. The 29-year-old Blackwood was solid in his most recent outing, saving 23 of 25 shots (.920 SV%) in a 6-2 win over the Florida Panthers. He has a 2.19 GA and .920 SV% in 12 games this season (9-1-1). Colorado enters the action on Tuesday as enormous -292 road favorites against a Seattle team on a two-game losing skid (0-2-0). ",2025-12-19
colorado-avalanche,8480039,Martin Necas,2025-12-09T21:27:32.629-05:00,Necas (illness) is on the ice for warmups and is expected to play in Nashville on Tuesday. ,"Necas has been outstanding in his first full season with Colorado. The 27-year-old forward had a career-high 83 points (27G / 56A) in 79 games last season and is pacing to shatter those totals in 2025-26, with 39 points (14G / 25A) in 29 games, a 110-point pace in 82 games.",2025-12-19
colorado-avalanche,8476455,Gabriel Landeskog,2025-12-02T13:21:40.241-05:00,Landeskog (illness) will play on Tuesday vs. Vancouver after missing practice on Monday. ,"An illness seems to be circulating through Colorado's dressing room, leaving several players absent from practice on Monday, including captain Gabriel Landeskog. That said, he will be ready to suit up on Tuesday against the Vancouver Canucks. The 33-year-old Landeskog, playing his first season in several years, has been excellent lately for the Avalanche, with eight points (5G / 3A) in his last nine games. ",2025-12-19
colorado-avalanche,8477492,Nathan MacKinnon,2025-12-02T13:20:39.045-05:00,MacKinnon (illness) will play on Tuesday vs. Vancouver after missing practice the day before. ,The NHL-best Avalanche have been led by MacKinnon's league-leading 44 points (20G / 24A) through 25 games. He was battling an illness earlier in the week but will be ready to play on Tuesday against the Vancouver Canucks. ,2025-12-19
colorado-avalanche,8484149,Gavin Brindley,2025-12-11T13:27:48.190-05:00,Brindley (lower-body) will return vs. Florida on Thursday. ,"Brindley has not played since November 20th, tending to a lower-body injury, but will return to the lineup on Thursday against the Florida Panthers. The 21-year-old forward has seven points (4G / 3A) in 18 games this season. Zakhar Bardakov will be a healthy scratch to accommodate Brindley's return. ",2025-12-19
colorado-avalanche,8477501,Valeri Nichushkin,2025-12-02T13:20:06.738-05:00,Nichushkin (lower-body) will return vs. Vancouver on Tuesday. ,"Nichushkin has 12 points (5G / 7A) in 17 games this season and was heating up before his injury, with nine points (3G / 6A) in his last 10 games. The 30-year-old forward has been an offensive threat for Colorado, scoring 198 points (96G / 102A) in 229 games since the 2021-22 season, but has unfortunately become just as well known for his injuries as for his scoring prowess. Nichushkin has played fewer than 55 games in each of the previous four seasons and could be headed down that same path in 2025-26. He returns to the lineup on Tuesday against the Vancouver Canucks. ",2025-12-19
colorado-avalanche,8478109,Victor Olofsson,2025-08-20T13:33:27.177-04:00,"Colorado has signed Victor Olofsson to a one-year, $1.575 million contract. ","Colorado added some much-needed offensive depth on Wednesday with the signing of Victor Olofsson on a one-year, $1.575 million contract. The 30-year-old right-winger had 15 goals and 29 points in 56 games with Vegas in 2024-25 after spending the previous six campaigns in with the Buffalo Sabres. He is expected to play a top-nine role in Colorado and should see some power-play time on the second unit, despite that unit rarely seeing the ice. ",2025-12-19
colorado-avalanche,,Logan O'Connor,2025-06-06T15:05:40.195-04:00,O'Connor underwent hip surgery on Friday and is expected to miss the next 5 to 6 months.,Colorado announced Friday that forward Logan O'Connor had successfully undergone hip surgery and is expected to miss the next five to six months as he recovers. The 28-year-old produced an impressive two goals and six points in seven playoff games in Colorado's opening series loss to Dallas this past season. ,2025-12-19
colorado-avalanche,8480835,Jack Drury,2025-01-25T10:55:34.059-05:00,"Drury will make his Avalanche debut on Saturday afternoon. 
",,2025-12-19
colorado-avalanche,8480448,Parker Kelly,2025-12-02T13:21:09.295-05:00,Kelly (illness) will play on Tuesday vs. Vancouver after missing Colorado's practice on Monday. ,"An illness seems to be circulating through Colorado's dressing room, leaving several players absent from practice on Monday, including Parker Kelly. That said, he will be ready to suit up on Tuesday against the Vancouver Canucks. The 26-year-old Kelly has 11 points (5G / 6A) while predominantly playing on the fourth line. ",2025-12-19
colorado-avalanche,8478038,Devon Toews,2025-04-12T15:39:18.847-04:00,Toews (rest) did not travel to Los Angeles for Saturday's game. ,,2025-12-19
colorado-avalanche,8480069,Cale Makar,2025-04-11T14:16:08.209-04:00,Makar (rest) will not travel with Colorado on their upcoming road trip. ,"Colorado is locked into third place in the Central Division and will rest several key players for their final two games, including Cale Makar, in anticipation of their first round playoff matchup. The 26-year-old Makar completes another Norris-worthy season, scoring 92 points (30G / 62A) in 80 games. ",2025-12-19
colorado-avalanche,8475754,Brock Nelson,2025-06-04T11:39:10.251-04:00,The Avalanche have signed Brock Nelson to a three-year contract extension worth $22.5 million ($7.5M AAV). ,"Nelson was acquired from the Islanders in March and had 13 points (6G / 7A) in 19 regular-season games and four assists in seven playoff games with the Avalanche. The 33-year-old will serve as Colorado's No.2 centre in 2025-26 and is signed through the 2027-28 season. 

",2025-12-19
colorado-avalanche,8477476,Artturi Lehkonen,2025-04-13T21:34:29.006-04:00,Lehkonen (rest) will be out of Colorado's lineup on Sunday in Anaheim. ,,2025-12-19
colorado-avalanche,8484258,Sam Malinski,2025-06-30T21:23:07.244-04:00,"The Avalanche signed Sam Malinski to a one-year deal worth $1.4M. 
","Malinski is an undrafted defenseman who became an NHL regular last season. The 26-year-old played 76 games with the Avalanche in the 2024-25 season, averaging 15:57 time-on-ice and scoring 15 points (5G / 10A) in 76 games. ",2025-12-19
colorado-avalanche,8476312,Josh Manson,2025-07-10T17:00:12.712-04:00,Colorado has signed Josh Manson to a two-year contract extension worth $3.95 million AAV ($7.9M total). ,"Manson still had one year left on his current contract, but will extend his time with the Avalanche for two more years after he signed a two-year contract extension worth $3.95 million AAV ($7.9M total). The 33-year-old bruising defenseman only appeared in 48 games in 2024-25 due to injury, but still had a goal, 15 points and 28 PIMs. He is entering his fifth season with Colorado and is expected to return to his regular defensive role. ",2025-12-19
dallas-stars,8484829,Justin Hryckowian,2025-10-07T18:42:38.841-04:00,"The Stars have recalled Justin Hryckowian from Texas (AHL).
","Hryckowian had a strong preseason, recording one goal, two assists, five shots, and eight hits in five games. He was initially assigned to the AHL for cap-related reasons, but returns to the NHL roster after Jamie Benn and Oskar Back were placed on IR. Hryckowian ranked second on the Stars' AHL affiliate in scoring last season with 60 points (22G, 38A) in 67 games.

",2025-12-19
dallas-stars,8480878,Nils Lundkvist,2025-12-15T11:40:15.875-05:00,Lundkvist will draw back into Dallas' lineup vs. Los Angeles on Monday. ,"Kyle Capobianco will be a healthy scratch on Monday against the Los Angeles Kings, allowing Lundkvist to re-enter the lineup. The 25-year-old Lundkvist had a poor outing his last night out, recording a -2 plus/minus, and was subsequently scratched in the following two games. He has three points (1G / 2A) in six games this season. ",2025-12-19
dallas-stars,,Casey DeSmith,2025-12-15T11:38:42.284-05:00,DeSmith will start vs. Los Angeles on Monday. ,"After a 9-0-2 stretch, the Stars have lost two straight, outscored 9-2 with Jake Oettinger between the pipes. They will look to return to the win column on Monday against the Los Angeles Kings, turning to Casey DeSmith to tend the twine. The 34-year-old DeSmith has been sensational in a supporting role this season, posting a 2.23 GAA and .920 SV% in 11 games (7-1-3). The Stars enter Monday's contest as -128 home favorites against a Kings team on a two-game losing skid (0-0-2). ",2025-12-19
dallas-stars,,Jake Oettinger,2025-12-18T14:56:09.038-05:00,Oettinger will start in San Jose on Thursday. ,"Oettinger has lost two straight contests (0-2-0), allowing six goals on 52 combined shots (.885 SV%), and will return to the crease on Thursday against the San Jose Sharks. He has a 2.54 GAA and .907 SV% in 22 games this season (14-6-2). The American goalie is celebrating his 27th birthday on Thursday and hopes to do so with a win against a Sharks team he helped defeat 4-1 two weeks ago. The Stars enter the game as sizable -193 road favorites.",2025-12-19
dallas-stars,8482740,Wyatt Johnston,2025-03-07T14:39:03.792-05:00,"Wyatt Johnston has signed a five-year, $42 million extension ($8.4 million AAV) with the Dallas Stars. ","Johnston was set to become a restricted free agent in the offseason, but has signed a five-year contract extension, worth $42 million, making him an unrestricted free agent at the end of the 2029-30 season. The 21-year-old Johnston has 59 points (23G / 36A) in 62 games this season, including 14 points (8G / 6A) in his last eight games. ",2025-12-19
dallas-stars,8478449,Roope Hintz,2025-12-13T12:27:56.425-05:00,Hintz (lower-body) will play against the Panthers on Saturday. ,,2025-12-19
dallas-stars,8478420,Mikko Rantanen,2025-11-26T09:22:13.286-05:00,Rantanen served his one-game suspension and will return to Dallasâ€™ lineup vs. Seattle on Wednesday.,,2025-12-19
dallas-stars,8480027,Jason Robertson,2025-05-07T21:24:07.584-04:00,Robertson (lower-body) took full part in warmups and is expected to play in Game 1 in Winnipeg. ,"Robertson has been out since the last game of the season on April 16th due to a lower-body injury but was a full participant in practice on Tuesday and appears set to return for Game 1 on Wednesday. The 25-year-old is expected to draw back into Dallas' third line and will hope to build off a successful regular season campaign, which saw him produce 35 goals and 80 points in 82 games played.",2025-12-19
dallas-stars,8473994,Jamie Benn,2025-11-18T12:16:55.084-05:00,Benn (collapsed lung) will make his season debut vs. the Islanders on Tuesday. ,"Benn suffered a collapsed lung after a hit during a preseason game and will make his season debut on Tuesday against the New York Islanders. The 36-year-old is entering his 17th NHL season and has only missed two games across the previous four years. In 2024-25, he had 16 goals, 49 points and 70 PIMs in 80 games played. He is expected to start the season on the Stars' fourth line and second powerplay unit. ",2025-12-19
dallas-stars,8475168,Matt Duchene,2025-12-07T16:50:18.017-05:00,Duchene (upper-body) will return vs. Pittsburgh on Sunday. ,,2025-12-19
dallas-stars,8482145,Mavrik Bourque,2025-06-20T14:41:01.384-04:00,"Dallas has signed Mavrik Bourque to a one-year, $950,000 contract extension.","Bourque was Dallas' 2020 1st round pick (30th overall) and will remain a Star for at least one more season after the 23-year-old forward signed a one-year, $950,000 contract extension on Friday. He is entering his second full season with Dallas after putting up 11 goals and 25 points in 73 games in his rookie campaign in 2024-25. ",2025-12-19
dallas-stars,8476902,Esa Lindell,2025-04-12T19:36:48.376-04:00,"Lindell (maintenance) will not play on Saturday. 
",,2025-12-19
dallas-stars,8483425,Lian Bichsel,2025-12-02T11:53:31.616-05:00,Bichsel (lower-body) will require surgery and is expected to be out for the next six weeks. ,"Bichsel was in agonizing pain after an awkward collision in Sunday's 6-1 win over the Ottawa Senators and needed to be helped off the ice. The 21-year-old Bichsel was off to a strong start in his first full NHL season, with 85 hits and three points (1G / 2A) in a shutdown role through 26 games. ",2025-12-19
dallas-stars,8475794,Tyler Seguin,2025-12-19T10:50:08.856-05:00,Seguin underwent succesful surgery on a torn ACL in his right leg and will be reevaluated after the Olympic break. ,"Seguin has not played since suffering a torn ACL at the beginning of December and will be out indefinitely after undergoing surgery. It's all but certain that Seguin's season is over, but the team will reevaluate him to see if returning in the postseason is a viable option. The 33-year-old Seguin was off to a decent start to the 2025-26 season, scoring 17 points (7G / 10A) in 27 games, but, unfortunately, has become familiar with seasons being cut short by injuries. Seguin missed 62 games due to injury in 2024-25. ",2025-12-19
dallas-stars,8479351,Sam Steel,2025-04-03T18:36:25.514-04:00,Steel (undisclosed) will draw back into the Stars lineup on Thursday. ,"Steel will slot in for Jamie Benn, who will sit out on Thursday for maintenance. Steel has six goals and 17 assists in 71 games this season. ",2025-12-19
dallas-stars,,Oskar Back,2025-11-01T12:07:06.992-04:00,Back (upper-body) will return to Dallas' lineup on Saturday in Florida. ,,2025-12-19
dallas-stars,,Alex Petrovic,2025-10-14T12:20:19.551-04:00,Petrovic will make his season debut on Tuesday vs. Minnesota. ,"Ilya Lyubushkin will be a healthy scratch on Tuesday against the Minnesota Wild, allowing Petrovic to draw into the lineup for his season debut. The 33-year-old Petrovic has played only five regular-season NHL games since 2019-20 but has been a regular with the Stars over the last two postseasons, playing 24 combined games, potentially earning himself a larger role with the team in 2025-26. ",2025-12-19
dallas-stars,8480036,Miro Heiskanen,2025-05-13T19:41:56.893-04:00,Heiskanen (knee) took full part in warmups and is expected to play in Game 4 against the Jets. ,"Heiskanen has practiced the past couple of weeks and will finally make his 2024-25 postseason debut on Tuesday in Game 4 against the Winnipeg Jets. The 25-year-old star defenseman has not appeared in a game since January 28th. In 50 regular-season games, he had five goals and 25 points while averaging 25:10 TOI.",2025-12-19
dallas-stars,8476889,Radek Faksa,2025-11-06T19:38:17.688-05:00,Faksa (illness) will return to the lineup on Thursday. ,"Faksa showed no signed of an ailment in the Stars' 4-3 loss to the Florida Panthers on Saturday, playing 11:55 time-on-ice, but did not play on Tuesday in the team's 4-3 win over the Edmonton Oilers. The 31-year-old Faksa is averaging 12:18 time-on-ice and has four points (1G / 3A) in 12 games this season.",2025-12-19
dallas-stars,8476278,Colin Blackwell,2025-11-28T11:37:53.318-05:00,Blackwell will draw back into Dallas' lineup in Detroit on Friday. ,,2025-12-19
dallas-stars,8481581,Thomas Harley,2025-12-09T13:28:41.224-05:00,Harley (lower-body) will return to Dallas' lineup in Winnipeg on Tuesday. ,"Harley has not played since November 13th, and few details have been revealed about his injury. He was back at practice on Friday and will return to the lineup on Tuesday against the Winnipeg Jets. The 24-year-old Harley was battling the injury before being sidelined, resulting in a lackluster start to the season, with 10 points (1G / 9A) and a -7 plus/minus in 18 games. Before the start of the season, Stars' Head Coach Glen Gulutzan hinted that Harley and Miro Heiskanen may split time on the team's powerplay unit, but given Heiskanen's hot start to the season, it's unlikely that Harley sees much time outside of the second unit. ",2025-12-19
dallas-stars,8480950,Ilya Lyubushkin,2025-12-13T12:27:27.899-05:00,Lyubushkin (lower-body) will play against the Panthers on Saturday. ,,2025-12-19
florida-panthers,8478421,A.J. Greer,2025-06-09T11:39:46.613-04:00,"Greer (lower-body) will be back in the lineup for Game 3. 
","Greer missed Games 1 and 2 but will replace Jesper Boqvist in the lineup for Game 3 vs. the Oilers. Greer brings a physical presence to the Panthers' fourth line, averaging 3.75 hits per game in the postseason, but has just three points (2G / 1A). 

",2025-12-19
florida-panthers,8479393,Noah Gregor,2025-12-07T15:01:10.468-05:00,Gregor will draw back into Florida's lineup vs. the Islanders on Sunday. ,,2025-12-19
florida-panthers,8479316,Luke Kunin,2025-12-17T11:01:52.897-05:00,Kunin will draw back into Florida's lineup vs. Los Angeles on Wednesday. ,"Kunin has not played in nearly two weeks, but will re-enter the lineup on Wednesday against the Los Angeles Kings. The 28-year-old Kunin has two points (1G / 1A) and 41 hits in 22 games this season. ",2025-12-19
florida-panthers,8480003,Jesper Boqvist,2025-06-09T11:41:36.569-04:00,"Boqvist will be a healthy scratch for Game 3. 
","Boqvist played in both Games 1 and 2, failing to record a point with just one shot on goal and four hits in 8:20 TOI/gm. AJ Greer (lower-body) will return to the lineup to replace Boqvist on the Panthers' fourth line. 


",2025-12-19
florida-panthers,8484304,Uvis Balinskis,2025-11-17T10:39:10.446-05:00,Balinskis will draw back into Florida's lineup vs. Vancouver on Monday. ,"Donovan Sebrango will be a healthy scratch on Monday, allowing Balinskis to re-enter the lineup. The 29-year-old Balinski has not played since October 28th. He has eight blocks, 10 hits, and zero points through nine games this season. ",2025-12-19
florida-panthers,8473507,Jeff Petry,2025-12-07T14:59:31.297-05:00,Petry will draw back into Florida's lineup vs. New York on Sunday. ,,2025-12-19
florida-panthers,,Sergei Bobrovsky,2025-12-19T10:34:51.794-05:00,Bobrovsky will start vs. Carolina on Friday. ,"The Panthers are riding a three-game winning streak and have been receiving solid netminding from Bobrovsky, who will return to the crease on Friday against the Carolina Hurricanes. The 37-year-old Bobrovsky has been inconsistent this season, but has an impressive 1.75 GAA and .932 SV% in his last three games (3-0-0). The Panthers enter the action on Friday as +117 home underdogs against a Hurricanes team on a five-game winning streak. ",2025-12-19
florida-panthers,,Daniil Tarasov,2025-12-17T11:02:44.171-05:00,Tarasov will start vs. Los Angeles on Wednesday. ,"The Panthers have won two straight and hope to continue inching themselves closer to playoff contention, turning to Tarasov to tend the twine on Wednesday against the Los Angeles Kings. The 26-year-old Tarasov has been inconsistent this season and is coming off a game in which he allowed six goals on 42 shots (.857 SV%) in a 6-2 loss to the Colorado Avalanche. He has a 2.84 GAA and .903 SV% in 10 games this season (3-5-1). The Panthers enter the action on Wednesday as -140 home favorites against a Kings team that has scored the fewest goals in the NHL since the beginning of November.",2025-12-19
florida-panthers,8477935,Sam Bennett,2025-06-27T18:07:56.021-04:00,"Florida has signed Sam Bennett to an eight-year, $64 million contract extension ($8 million AAV).","One of the biggest expected off-season free agents will not be hitting the open market after Florida announced Friday that they have signed Sam Bennett to an eight-year, $64 million contract extension ($8 million AAV). The 29-year-old is coming off an impressive Conn Smythe-winning playoff performance, with 15 goals, 22 points and a +6 plus/minus in 23 games played. ",2025-12-19
florida-panthers,8477409,Carter Verhaeghe,2025-12-04T10:45:52.245-05:00,Verhaeghe (personal) returned to morning skate on Thursday and is expected to play vs. Nashville. ,"Verheaghe did not play in Florida's most recent game to attend the birth of his child, but should return to the lineup on Thursday against the Nashville Predators. The 30-year-old Verheaghe has a modest 16 points (4G / 12A) through 24 games this season, but has turned it on lately, with six points (2G / 4A) during a three-game point streak. ",2025-12-19
florida-panthers,8480185,Eetu Luostarinen,2025-12-06T13:16:33.820-05:00,Luostarinen will return to the Panthers lineup on Saturday. ,"Luostarinen suffered burns from an unfortunate non-hockey incident and has been sidelined since mid-November. The 27-year-old Luostarainen was having an excellent season before his injury, scoring 10 points (3G / 7A) and recording 42 hits through 18 games.",2025-12-19
florida-panthers,8482713,Mackie Samoskevich,2025-07-10T11:55:33.671-04:00,"Florida has signed Mackie Samoskevich to a one-year, $775,000 contract extension.
","With funds tight in Florida for the upcoming 2025-26 season, Mackie Samoskevich has signed a one-year, $775,000 bridge contract to remain with the Panthers. The 22-year-old scrappy right-winger was Florida's 2021 1st-round pick (24th overall) and made a big impact throughout their lineup in 2024-25 with 15 goals, 31 points and 129 SOG in 72 games played.  ",2025-12-19
florida-panthers,,Matthew Tkachuk,2025-11-19T13:55:35.682-05:00,Tkachuk has started skating and could be back sometime in the next month in time for the Winter Classic.,"Tkachuk has yet to play this season due to an injury, but has resumed skating and is targeting a return in late December. The 27-year-old Tkachuk recorded 57 points (22G / 35A), 84 hits, and 156 shots last season in 52 games, missing 30 contests due to a lower-body injury. ",2025-12-19
florida-panthers,,Aleksander Barkov,2025-09-26T22:13:01.466-04:00,"Barkov underwent surgery to repair ACL and MCL injuries and will miss 7-to-9 months. 
","Barkov suffered injuries to his ACL and MCL in Thursday's practice and underwent surgery on Friday. According to the team, the expected recovery timeline for these injuries is 7-to-9 months, meaning he will be sidelined until at least late April. In other words, Barkov is expected to miss the entire regular season and won't be ready until Round 1 of the playoffs, at the earliest. 

",2025-12-19
florida-panthers,8475179,Dmitry Kulikov,2025-10-15T12:24:35.928-04:00,Kulikov is expected to be out for the next 5 months after undergoing upper-body surgery. ,Kulikov was limited to only 7:47 time-on-ice before exiting last Thursday's contest against the Philadelphia Flyers. His long-term absence is the latest in a list of lineup-regulars the Panthers will be without for the foreseeable future. ,2025-12-19
florida-panthers,8479981,Jonah Gadjovich,2025-11-08T15:25:28.007-05:00,"Gadjovich will have surgery on his upper-body injury and will miss three months. 
",,2025-12-19
florida-panthers,,Tomas Nosek,2025-09-17T11:55:12.028-04:00,Nosek (knee) suffered a significant injury while training and is expected to be out long-term. ,"Bill Zito surprised Panthers' fans on Wednesday when he announced 33-year-old Tomas Nosek would be out long-term to start the 2025-26 season after suffering a significant knee injury while training during the offseason. Nosek is entering his 11th NHL season after winning his first Stanley Cup with Florida last season in a complementary role, which saw him put up a goal and nine points in 59 games played. ",2025-12-19
florida-panthers,8481655,Cole Schwindt,2025-11-19T12:10:29.932-05:00,Schwindt (broken arm) requires surgery and is expected to miss 2-3 months. ,"Schwindt exited Florida's most recent game in the first period after only four shifts, with, as was revealed on Wednesday, a broken arm. The 24-year-old is scheduled to have surgery once swelling decreases and will likely be sidelined for two to three months. He had two points (2G / 0A) in 10 games before his injury. ",2025-12-19
florida-panthers,8478542,Evan Rodrigues,2025-12-19T11:03:46.956-05:00,Rodrigues (lower-body) will play vs. Carolina on Friday. ,"Rodrigues left Wednesday's 3-2 win over the Los Angeles Kings due to a lower-body injury and did not return, but he will be ready to suit up on Friday against the Carolina Hurricanes. The 32-year-old Rodrigues has 16 points (8G / 8A) in 33 games this season. ",2025-12-19
florida-panthers,8477933,Sam Reinhart,2025-10-08T12:09:57.522-04:00,Reinhart (upper-body) is fine after missing Wednesday's practice. ,"Reinhart was absent from practice on Wednesday after receiving stitches, but the injury does not seem overly concerning, as he was able to complete Tuesday's contest against the Chicago Blackhawks. The 29-year-old Reinhart was held off the scoresheet on Tuesday but will be relied upon heavily for offence in Florida this season. He had 81 points (39G / 42A) in 79 games last season.",2025-12-19
florida-panthers,8478055,Gustav Forsling,2025-12-17T10:35:06.477-05:00,Forsling (lower-body) will play against Los Angeles on Wednesday.,"Forsling exited Monday's 5-2 win over the Tampa Bay Lightning in the second period after 13:57 time-on-ice due to a lower-body injury. He was absent from morning skate on Wednesday, but will play on Wednesday. The 29-year-old Forsling has 26 hits, 37 blocks, and 14 points (1G / 13A) in 32 games this season. ",2025-12-19
florida-panthers,8477932,Aaron Ekblad,2025-11-24T12:51:06.301-05:00,Ekblad (upper-body) is taking part in morning skate and is expected to return vs. Nashville on Monday. ,"Ekblad did not play in Florida's most recent game, but he should return to the lineup on Monday against the Nashville Predators. The 29-year-old Ekblad has struggled offensively this season, with five points (1G / 4A) in 20 games (0.25 PTS/G), and only three points (0G / 3A) in his last 17. He entered this season with 380 points (118G / 262A) in 732 career games (0.52 PTS/G). ",2025-12-19
florida-panthers,8482113,Anton Lundell,2025-10-07T08:31:28.699-04:00,"Lundell (upper-body) is ""good to go"" for the season opener. 
","Lundell suffered an upper-body injury in the Panthers' preseason game last Thursday, but will be in the lineup for the opener vs. Chicago. Lundell is poised for a breakout season as he tries to help fill the shoes of Aleksander Barkov, who is expected to miss the entire season. Lundell will open the season on a line with Eetu Luostarinen and Sam Reinhart and PP2. 

",2025-12-19
florida-panthers,8473419,Brad Marchand,2025-11-01T17:44:20.376-04:00,Marchand (personal) will return to Florida's lineup on Saturday vs. Dallas. ,,2025-12-19
florida-panthers,8478859,Niko Mikkola,2025-10-20T13:34:00.855-04:00,Mikkola (upper-body) practiced in full on Monday and will be ready vs. Boston on Tuesday. ,"Mikkola exited Saturday's 3-0 loss to the Buffalo Sabres early after only 6:53 time-on-ice due to an upper-body injury. He was back at practice on Monday and will return to the lineup on Tuesday against the Boston Bruins. The 29-year-old defenseman has zero points, eight blocks, and five hits in seven games this season. ",2025-12-19
florida-panthers,8477495,Seth Jones,2025-03-03T10:08:47.799-05:00,Jones is expected to make his Panthers' debut on Monday vs. Tampa Bay. ,Jones was acquired in a trade from the Blackhawks on Saturday along with a 2026 fourth-round pick in exchange for Spencer Knight and a conditional 2026 first-round pick from the Chicago Blackhawks. The 30-year-old Jones scored 27 points (7G / 20A) and recorded a -18 plus/minus rating in 42 games with the Blackhawks this season. He was practicing with Florida's second powerplay unit and is expected to draw into the lineup on Monday against the Tampa Bay Lightning. ,2025-12-19
new-jersey-devils,8477996,Juho Lammikko,2025-12-05T10:39:50.022-05:00,Lammikko is expected to be a healthy scratch vs. Vegas on Friday. ,"Lammikko has played the last several games for the Devils, but will head to the sidelines as a healthy scratch on Friday against the Vegas Golden Knights. The 29-year-old Finnish forward has zero points in 15 games this season. ",2025-12-19
new-jersey-devils,,Xavier Parent,2025-12-11T10:52:44.646-05:00,Parent is expected to make his NHL debut vs. Tampa Bay on Thursday. ,"Timo Meier (personal) will not play on Thursday against the Tampa Bay Lightning, allowing Parent to draw into the lineup for his NHL debut. Parent is an undrafted 24-year-old that has spent the previous four seasons in the AHL with the Utica Comets. He has 12 points (6G / 6A) in 20 games with Utica this season. ",2025-12-19
new-jersey-devils,,Angus Crookshank,2025-12-05T10:05:36.088-05:00,Crookshank has been recalled from Utica (AHL). ,"Crookshank has 21 games of NHL experience, scoring four points (2G / 2A), but has predominantly been an AHL player. The 26-year-old forward has seven points (5G / 2A) in 17 games this season with the Utica Comets (AHL). ",2025-12-19
new-jersey-devils,8478841,Colton White,2025-12-09T18:38:40.477-05:00,White will draw into the lineup for Tuesday's game in Ottawa. ,White will draw back in on Tuesday as Dennis Cholowski draws out of the lineup. White is yet to register a point through 9 games this season. ,2025-12-19
new-jersey-devils,,Jacob Markstrom,2025-12-14T10:29:51.190-05:00,Markstrom will start vs. Vancouver on Sunday. ,,2025-12-19
new-jersey-devils,,Jake Allen,2025-12-17T21:45:53.617-05:00,Allen will start in Vegas on Wednesday. ,"Allen will make his 17th start of the season when the Devils travel to Vegas on Wednesday. Allen was victorious in his last start, allowing just one goal on 31 shots in a 4-1 win over the Ducks on Saturday. The 35-year-old netminder owns a 9-7-0 record and .907 SV% on the season. Allen and the Devils enter action on Wednesday at +140 on the money line. ",2025-12-19
new-jersey-devils,8476292,Ondrej Palat,2025-04-19T16:38:23.302-04:00,"Palat (undisclosed) will play in Game 1 in Carolina. 
",,2025-12-19
new-jersey-devils,8476474,Stefan Noesen,2025-10-22T16:33:57.059-04:00,"Noesen (groin) has been activated off injured, non-roster and is expected to make his season debut vs. Minnesota on Wednesday. ","Nosen missed the entire preseason and has not played yet in the 2025-26 season, but will debut on Wednesay against the Minnesota Wild. The 32-year-old Noesen scored a career-high 41 points (22G / 19A) in 78 games with the Devils last season",2025-12-19
new-jersey-devils,8479407,Jesper Bratt,2025-05-05T11:58:19.130-04:00,Bratt underwent successful shoulder surgery and is expected back for the start of training camp in 2025-26.,"Bratt showed no signs of an ailment in the playoffs, playing all five games in New Jersey's round one loss to the Carolina Hurricanes, but underwent shoulder surgery. He is expected to be back for the beginning of training camp. The 26-year-old Bratt had an excellent season, scoring a career-high 88 points (21G / 67A) in 81 games. He has become a picture of consistency for the Devils, scoring 317 points (106G / 211A) in 321 games over the previous four seasons. ",2025-12-19
new-jersey-devils,8482684,Luke Hughes,2025-10-01T10:26:14.435-04:00,New Jersey has signed Luke Hughes to a seven-year extension worth $9 million AAV ($63M total). ,"After a long summer of back-and-forth contract negotiations, New Jersey and Luke Hughes have agreed to a seven-year extension worth $9 million AAV ($63M total). The 22-year-old was New Jersey's 2021 1st round pick (4th overall) and is entering his third full season with the Devils after putting up seven goals, 44 points and 121 SOG in 71 games played. ",2025-12-19
new-jersey-devils,8481032,Paul Cotter,2025-04-14T15:26:14.578-04:00,New Jerseyâ€™s Paul Cotter has been suspended for two games for an illegal check to the head against NY Islandersâ€™ Adam Pelech.,Cotter was issued a game misconduct for an illegal check to the head of Adam Pelech and has been suspended for New Jersey's final two games of the regular season. The 25-year-old Cotter is averaging 13:05 time-on-ice and has 22 points (16G / 6A) in 79 games this season. ,2025-12-19
new-jersey-devils,8479996,Cody Glass,2025-11-24T11:22:11.776-05:00,Glass (undisclosed) will return vs. Detroit on Monday. ,"Glass only lasted one full game in a return from an upper-body injury before reaggravating it and missing another 12 days. The 26-year-old Glass has three points (3G / 0A) in 10 games this season. He returns to the lineup on Monday, replacing Juho Lammikko, against the Detroit Red Wings. ",2025-12-19
new-jersey-devils,8481559,Jack Hughes,2025-11-15T12:57:52.912-05:00,Jack Hughes (finger) is expected to miss the next 8 weeks after successfully undergoing surgery on his finger.,,2025-12-19
new-jersey-devils,8479772,Zack MacEwen,2025-11-13T17:02:15.841-05:00,MacEwen (lower-body) has been placed on IR. ,"MacEwen has played minimally this season, appearing in only three games, and could be sidelined for at least a week after exiting Wednesday's 4-3 win over the Chicago Blackhawks with an undisclosed injury. The 29-year-old forward has six hits and zero points this season.",2025-12-19
new-jersey-devils,,Johnathan Kovacevic,2025-09-19T10:30:19.041-04:00,"Kovacevic is still recovering from knee surgery and is out indefinitely. 
","Kovacevic, who got hurt in the playoffs last season, underwent knee surgery over the summer and is still in the process of rehabbing. When the Devils opened training camp on Thursday, they announced that Kovacevic is out with no timetable for his return. 

",2025-12-19
new-jersey-devils,8474149,Evgenii Dadonov,2025-11-26T11:21:16.462-05:00,"Dadonov (undisclosed) is out vs. St. Louis on Wednesday and will be out ""for a period of time"".","Dadonov has been plagued by injuries this season, suffering a hand injury in the first game that kept him sidelined for nearly six weeks, and now he is battling an undisclosed injury that will likely keep him out of the lineup indefinitely. His inability to stay in the lineup has hampered cohesion with his new team, and he has yet to score a point through five games this season.",2025-12-19
new-jersey-devils,8478414,Timo Meier,2025-12-11T10:14:06.895-05:00,Meier has taken a personal leave of absence from New Jersey to attend a family health matter. ,"Meier will not play on Thursday against the Tampa Bay Lightning and it is unclear when he might return to the lineup, as he is way from the team to tend to a personal family matter. The 29-year-old Meier only has one point (1G / 0A) in his last four games, but is pacing for his best offensive output since joining the Devils, with 23 points (11G / 12A) in 30 games. ",2025-12-19
new-jersey-devils,8481721,Arseny Gritsyuk,2025-12-17T19:05:05.947-05:00,The Devils placed Gritsyuk (lower-body) on injured reserve on Wednesday. ,"Gritsyuk has not played the last two games due to an upper-body injury and will seemingly miss at least the next two while the Devils are on a road trip. The 24-year-old Gritsyuk's introduction to the NHL this season has been a positive one, tallying 16 points (7G / 9A) through 31 games while playing a middle-six role.",2025-12-19
new-jersey-devils,8483495,Simon Nemec,2025-12-16T10:30:48.106-05:00,Nemec (undisclosed) has been placed on IR and will be re-evaluated in two weeks. ,"Nemec has not played the last two games for the Devils due to an undisclosed injury and has been placed on Injured Reserve. It's unclear when the talented Slovak defenseman might return to the lineup, but the Devils' Head Coach Sheldon Keefe stated he is expected to miss ""some time"" and will be re-evaluated in two weeks. ",2025-12-19
new-jersey-devils,8476822,Luke Glendening,2025-04-11T17:22:07.721-04:00,Glendening is out indefinitely with an upper-body injury. ,Glendenning was limited to only 2:37 time-on-ice before exiting Wednesday's 4-3 loss to the Toronto Maple Leafs due to an undisclosed injury. The 35-year-old Glendenning has seven points (4G / 3A) in 77 games this season.,2025-12-19
new-jersey-devils,8477015,Connor Brown,2025-11-18T18:49:14.591-05:00,Brown (upper-body) took full part in warmups and is expected to play in Tampa Bay on Tuesday.,"Brown played the first 11 games for the Devils this season, but has not played since. The 31-year-old Brown is averaging 15:47 time-on-ice and has six points (5G / 1A) in 11 games this season.",2025-12-19
new-jersey-devils,8475455,Brenden Dillon,2025-11-18T18:48:29.722-05:00,Dillon (undisclosed) took full part in warmups and is expected to play in Tampa Bay on Tuesday.,"Dillon is battling an undisclosed injury, but was able to practice on Monday, and will be in the lineup on Tuesday. The 35-year-old defenseman is averaging 19:13 time-on-ice, recording 33 blocks, 49 hits, and seven points (2G / 5A) in 18 games this season.",2025-12-19
new-jersey-devils,8476462,Dougie Hamilton,2025-11-18T18:47:50.265-05:00,Hamilton (undisclosed) took full part in warmups and is expected to play in Tampa Bay on Tuesday. ,"Hamilton has not played since suffering an undisclosed injury on November 6th, but will make his return to the lineup on Tuesday. The 32-year-old Hamilton is averaging 20:59 time-on-ice and has seven points (4G / 3A) in 14 games this season. Hamilton will likely return to his role on the top powerplay unit, a spot that was occupied by Simon Nemec in his absence.",2025-12-19
new-jersey-devils,8480002,Nico Hischier,2025-04-16T17:30:29.140-04:00,Hischier (rest) will not play against the Red Wings on Wednesday. ,"Entering their final game of the regular season, the Devils will rest several key players, including Hischier, in preparation of their first-round playoff series against the Carolina Hurricanes. The 26-year-old Hischier ends the 2024-25 campaign with 69 points (35G / 34A) in 75 games.",2025-12-19
new-jersey-devils,8482110,Dawson Mercer,2024-12-14T11:00:03.682-05:00,Mercer (face) will play Saturday afternoon vs. the Blackhawks. ,,2025-12-19
new-jersey-devils,8478399,Jonas Siegenthaler,2025-04-29T19:09:43.971-04:00,Siegenthaler (undisclosed) took full part in warmups and is expected to play in Game 5 in Carolina. ,"Siegenthaler was battling a lower-body injury that kept him from playing the first two games of the playoffs and was at risk of missing Game 5. It's unclear if his current ailment is related to his previous one. The 27-year-old Siegenthaler played 19:56 time-on-ice in Sunday's 5-2 loss to the Carolina Hurricanes, recording a -2 plus/mins.",2025-12-19
new-jersey-devils,8477488,Brett Pesce,2025-12-17T19:05:50.606-05:00,The Devils activated Pesce (upper-body) off injured reserve on Wednesday. ,"Pesce has not played since suffering an upper-body injury on October 26th, but will return to the lineup on Wednesday against the Vegas Golden Knights. The 30-year-old defenseman has been a stabilizing force on New Jersey's blueline when healthy, averaging 19:39 time-on-ice and scoring three points (0G / 3A) in nine games.",2025-12-19
new-york-islanders,8481237,Kyle MacLean,2025-11-28T15:42:02.643-05:00,Maclean will draw back into the Islanders' lineup vs. Philadelphia on Friday. ,"MacLean has not played since November 7th, but will draw into the lineup on Friday, replacing Maxim Tsyplakov. The 26-year-old MacLean has one assist while averaging 9:35 time-on-ice through 10 games this season. ",2025-12-19
new-york-islanders,8483553,Marc Gatcomb,2025-11-30T10:52:07.135-05:00,Gatcomb has been recalled from Bridgeport (AHL). ,,2025-12-19
new-york-islanders,8480871,Adam Boqvist,2025-12-18T12:15:41.690-05:00,Boqvist will draw back into the Islanders' lineup vs. Vancouver on Friday. ,"Boqvist has only played once in the last three weeks, but will return to the lineup on Friday against the Vancouver Canucks. The 25-year-old Boqvist is averaging 12:41 time-on-ice and has one assist in 11 games this season. ",2025-12-19
new-york-islanders,,Ilya Sorokin,2025-12-18T12:11:39.669-05:00,Sorokin will start vs. Vancouver on Friday. ,"The Islanders fell to the Detroit Red Wings on Tuesday, with Sorokin allowing three unanswered goals on 21 shots (.857 SV%) in a 3-2 loss. Despite his most recent effort, Sorokin has been solid between the pipes for the Islanders, posting a 2.05 GAA and .930 SV% in his last 14 games (9-5-0). Sorokin and the Islanders will match up against a Vancouver Canucks team that has surprisingly outscored their opposition 5-1 in two games (2-0-0) since trading away their captain, Quinn Hughes. ",2025-12-19
new-york-islanders,,David Rittich,2025-12-18T12:12:06.748-05:00,Rittich will start in Buffalo on Saturday. ,,2025-12-19
new-york-islanders,8477494,Jonathan Drouin,2025-12-12T10:56:52.333-05:00,Drouin (lower-body) practiced on Friday and is expected to return on Saturday vs. Tampa Bay.,"Drouin has not played in over a week due to a lower-body injury, but has practiced the past several days and should return to the lineup on Saturday against the Tampa Bay Lightning. The 30-year-old Drouin has 15 points (3G / 12A) through 26 games in his first season with the Islanders. He has only one assist in his last nine games and was recently demoted to the team's second powerplay unit before his injury.",2025-12-19
new-york-islanders,8478445,Mathew Barzal,2025-12-19T10:39:39.305-05:00,Barzal (maintenance) will be a game-time decision vs. Vancouver. ,"Barzal is likely battling a nagging injury, as he was a game-time decision earlier this week as well, despite still drawing into the lineup. The 28-year-old Barzal is riding a five-game point streak, scoring five points (1G / 4A), and hopes he will be able to suit up again on Friday against the Vancouver Canucks. ",2025-12-19
new-york-islanders,8477407,Anthony Duclair,2025-04-03T11:34:47.379-04:00,Duclair has stepped away from the Islanders for some personal time. ,"On Thursday, the Islanders announced that Duclair will temporarily step away from the team due to personal reasons. With only eight games remaining, it is unclear if Duclair will return to the lineup this season. The 29-year-old Duclair has 11 points (7G / 4A) in 44 games this season. Matt Martin will draw into the lineup as Duclair's replacement. ",2025-12-19
new-york-islanders,,Maxim Shabanov,2025-11-16T13:40:40.388-05:00,Shabanov is expected to draw back into the lineup on Sunday. ,,2025-12-19
new-york-islanders,8475314,Anders Lee,2025-09-24T11:32:10.234-04:00,Lee is out for 1 to 2 weeks with an upper-body injury. ,"Lee is expected to miss the majority of training camp with an upper-body injury, but is still likely to be ready for the start of the Islanders' Regular season on October 9th vs. Pittsburgh. The Islanders' 35-year-old captain will be expected to play a large role in New York's offence yet again this season, after putting. up 29 goals, 54 points and 233 SOG in 82 games played.",2025-12-19
new-york-islanders,8484221,Calum Ritchie,2025-10-31T10:26:23.522-04:00,Ritchie has been recalled from Bridgeport (AHL) and could make his Islanders' debut on Friday vs. Washington. ,"Ritchie was supposed to make his NHL debut last night, but poor weather resulted in his flight being cancelled. That said, he will join the Islanders for his NHL debut on Friday against the Washington Capitals. The 20-year-old Ritchie was drafted 27th-overall by the Colorado Avalanche in the 2023 NHL Entry Draft. He has three points (1G / 2A) in three games with the Bridgeport Islanders (AHL) this season. ",2025-12-19
new-york-islanders,8477950,Tony DeAngelo,2025-12-02T18:36:32.915-05:00,DeAngelo (illness) took full part in warmups and is expected to play against the Lightning on Tuesday.,"DeAngelo was absent from practice on Tuesday due to an illness and his status against the Tampa Bay Lightning was up in the air. The 30-year-old DeAngelo was expected to quarterback the Islanders' top powerplay unit, but was quickly demoted due to the immediate impact of rookie Matthew Schaefer. DeAngelo has nine points (1G / 8A) in 26 games this season.",2025-12-19
new-york-islanders,,Semyon Varlamov,2025-10-06T11:04:56.166-04:00,Varlamov (knee) has been placed on IR. ,"Coming off offseason surgery, it's unclear when Varlamov will return to action, but he will start the 2025-26 campaign sidelined on the Injured Reserve. The 37-year-old netminder was limited to only 10 games last season (3-4-3), posting a 2.89 GAA and .889 SV%, due to various injuries. ",2025-12-19
new-york-islanders,,Pierre Engvall,2025-10-22T11:48:46.403-04:00,Engvall underwent ankle surgery and is likely to miss the rest of the regular season. ,"Engvall had offseason hip surgery and just underwent ankle surgery, likely sidelining him for the remainder of the regular season. The 29-year-old Engvall is the third year of a seven-year contract worth $21 million ($3.0M AAV). He had 15 points (8G / 7A) in 62 games with the Islanders last season. ",2025-12-19
new-york-islanders,,Ethan Bear,2025-10-06T11:05:33.372-04:00,Bear (undisclosed) has been placed on IR and is expected to be out for a few weeks. ,"The Islanders signed Bear to a one-year contract in the offseason to provide some depth on their blueline, but he will need to wait to make his team debut as he will be sidelined for a few weeks on Injured Reserve. The 28-year-old Bear spent the entirety of the 2024-25 season in the AHL, tallying 46 points (10G / 36A) in 62 games with the Hershey Bears. He has 67 points (17G / 50A) in 275 career NHL games. ",2025-12-19
new-york-islanders,8481014,Alexander Romanov,2025-11-23T15:28:14.373-05:00,"Romanov will undergo shoulder surgery and miss 5-to-6 months. 

",,2025-12-19
new-york-islanders,8475151,Kyle Palmieri,2025-11-29T12:37:59.712-05:00,"Palmieri (ACL tear) is undergoing surgery, will be out 6-8 months, and has been placed on IR. ",,2025-12-19
new-york-islanders,8477500,Bo Horvat,2025-12-12T14:42:44.172-05:00,Horvat is week-to-week with a lower-body injury.,"Horvat suffered a scary lower-body injury in Thursday's 5-2 win over the Anaheim Ducks, struggled to leave the ice, but has seemingly avoided the worst and will be reevaluated on a week-to-week basis. The 30-year-old Horvat was pacing for a career-best season with 31 points (19G / 12A) through 32 games before his injury. ",2025-12-19
new-york-islanders,8476419,Jean-Gabriel Pageau,2025-12-09T11:12:22.328-05:00,Pageau (upper-body) will return vs. Vegas on Tuesday,"Pageau has not played in nearly three weeks due to a lingering upper-body injury, but he will return to the lineup on Thursday against the Vegas Golden Knights. The 33-year-old Pageau has a decent 12 points (6G / 6A), primarily in a third-line role, in 22 games with the Islanders, but has been held off the scoresheet in five straight. ",2025-12-19
new-york-islanders,8481601,Simon Holmstrom,2025-11-20T18:38:11.466-05:00,Holmstrom (illness) took full part in warmups and is expected to play in Detroit on Thursday. ,"Holmstrom had a breakout 2024-25 season, scoring 45 points (20G / 25A) in 75 games, and is producing at a similar, albeit slightly lower rate, in 2025-26, with nine points (4G / 5A) through 19 games. Maxim Tsyplakov will be a healthy scratch to accommodate Holmstom's return.",2025-12-19
new-york-islanders,8476917,Adam Pelech,2025-04-17T12:08:16.473-04:00,Pelech (undisclosed) will not play on Thursday. ,,2025-12-19
new-york-islanders,8477506,Ryan Pulock,2025-04-17T12:08:38.160-04:00,Pulock (undisclosed) will not play on Thursday. ,,2025-12-19
new-york-islanders,8475231,Casey Cizikas,2024-12-03T18:40:47.735-05:00,Cizikas (undisclosed) will play in Montreal on Tuesday. ,Cizikas is battling an undisclosed ailment and his status for Tuesday's game against Montreal was up in the air. The 33-year-old Cizikas is averaging 13:09 time-on-ice and has two points (1G / 1A) in 25 games this season.,2025-12-19
new-york-islanders,8482476,Emil Heineman,2025-07-02T15:33:08.968-04:00,The Islanders have signed Emil Heineman to a two-year contract extension worth $1.1 million AAV ($2.2 million total). ,"Heineman was acquired as part of the Noah Dobson trade and signed a two-year extension with the Islanders. Heineman adds a little bit of offence to New York's bottom-6, but more than anything, brings physicality and penalty killing prowess. Heineman was on pace for 13 goals, 11 assists and 229 hits over 82 games last season. ",2025-12-19
new-york-islanders,8485366,Matthew Schaefer,2025-08-05T13:38:05.053-04:00,"The Islanders have signed Matthew Schaefer to a three-year, entry-level contract. ","Schaefer was this year's first overall selection in the 2025 NHL Entry Draft and has signed a three-year, entry-level contract with the Islanders on Monday. The 17-year-old missed the majority of the 2024-25 season due to a serious collarbone injury but still managed to go first overall in the draft due to his five goals and 22 points in 18 games with Erie (OHL). He is expected to be a key part of the Islanders' future for years to come. ",2025-12-19
new-york-islanders,8476429,Scott Mayfield,2025-11-16T13:42:12.197-05:00,Mayfield (personal) is expected to draw back into the lineup on Sunday. ,,2025-12-19
utah-hockey-club,8477070,Liam O'Brien,2025-12-03T15:38:01.780-05:00,O'Brien will draw back into Utah's lineup in Anaheim on Wednesday. ,"O'Brien has not played since November 20th, but with Utah in a four-game losing skid, they will look to him spark some energy. The 31-year-old O'Brien has one goal and 15 hits in eight games this season. ",2025-12-19
utah-hockey-club,8479977,Kailer Yamamoto,2025-12-12T13:01:47.336-05:00,Yamamoto will draw back into Utah's lineup vs. Seattle on Friday. ,"Brandon Tanev will be a healthy scratch on Friday against the Seattle Kraken, allowing Yamamoto to re-enter the lineup. The 27-year-old Yamamoto has not played the previous two games for Utah. He has seven points (3G / 4A) in 22 games this season. ",2025-12-19
utah-hockey-club,8480084,Nick DeSimone,2025-12-17T13:54:05.570-05:00,DeSimone will draw back into Utah's lineup in Detroit on Wednesday. ,"Olli Maatta will be a healthy scratch on Wednesday against the Detroit Red Wings, allowing DeSimone to re-enter the lineup. The 31-year-old DeSimone is averaging 16:25 time-on-ice and has three points (2G / 1A) in 10 games this season. ",2025-12-19
utah-hockey-club,,Karel Vejmelka,2025-12-19T13:11:32.813-05:00,Vejmelka was the first goalie off the ice at Utah's morning skate. ,"Vejmelka was excellent in Wednesday's 4-1 win over the Detroit Red Wings, saving 27 of 28 shots, and is quietly putting together a nice string of games. The 29-year-old Czech goalie has won three straight, posting a decent 2.75 GAA and .901 SV%. The Mammoth enters Friday's contest as -134 home favorites against a New Jersey Devils team that has struggled to score, tallying just two goals in its last two games (1-1-0). ",2025-12-19
utah-hockey-club,,Vitek Vanecek,2025-12-16T18:30:33.382-05:00,Vanecek will start in Boston on Tuesday. ,"Vanecek has only played once in the last two weeks, but will return to the crease on Tuesday against the Boston Bruins. The 29-year-old Vanecek has been inconsistent early in his Utah tenure, but is coming off a solid 21-save performance (.955 SV%) in a 2-0 loss to the Calgary Flames. He has a 2.87 GAA and .878 SV% in nine games this season (2-6-1). The Mammoth enter Tuesday's contest as -113 road favorites against a Bruins team coming off a 6-2 loss to the Minnesota Wild, snapping a four-game winning streak.",2025-12-19
utah-hockey-club,8479343,Clayton Keller,2025-01-02T20:33:10.282-05:00,Keller (illness) will play in Calgary on Thursday. ,"Keller was a late scratch on Tuesday due to an illness but will return to the lineup on Thursday against the Calgary Flames. Keller has been a point-per-game player over the past four seasons, with an impressive 262 points (111G / 151A) in 263 games. He leads Utah HC this season with 37 points (13G / 24A) in 36 games.",2025-12-19
utah-hockey-club,8482175,JJ Peterka,2025-09-29T13:12:11.197-04:00,Peterka (undisclosed) has returned to Utah's practice on Monday. ,,2025-12-19
utah-hockey-club,8482699,Dylan Guenther,2025-02-04T12:32:47.242-05:00,Guenther (lower-body) will return vs. Philadelphia on Tuesday. ,"Guenther has not played since January 8th, missing 12 games, but will likely make his return on Tuesday against the Philadelphia Flyers. The 21-year-old Guenther has had a productive 2024-25 campaign, scoring 34 points (16G / 18A) in 40 games. That said, he only has two points (0G / 2A) in his last eight contests. Lawson Crouse will be a healthy scratch to accommodate Guenther's return to the lineup. ",2025-12-19
utah-hockey-club,,Daniil But,2025-12-02T14:01:05.407-05:00,But has been recalled from Tucson (AHL). ,But was drafted 12th overall in the 2023 NHL Entry Draft and could be poised to make his NHL debut after being recalled by Utah on Tuesday. The 20-year-old forward has 17 points (8G / 9A) in 19 games this season with the Tucson Roadrunners (AHL). ,2025-12-19
utah-hockey-club,8480849,Barrett Hayton,2025-12-06T18:53:51.309-05:00,Hayton will draw back into the Mammoth lineup on Saturday. ,,2025-12-19
utah-hockey-club,8479619,Michael Carcone,2025-10-13T13:28:21.626-04:00,Carcone will draw back into Utah's lineup in Chicago on Monday. ,"Kailer Yamamoto will be a healthy scratch on Monday against the Chicago Blackhawks, allowing Carcone to draw into the lineup for his season debut. The 29-year-old Carcone scored a career-high 21 goals in 2023-24 but followed that up with only seven goals last season in 2024-25. ",2025-12-19
utah-hockey-club,8480434,Sean Durzi,2025-11-26T13:30:10.541-05:00,Durzi (upper-body) will return vs. Montreal on Wednesday. ,"Durzi has not played since the second game of the season, recovering from an upper-body injury, but will return to the lineup on Wednesday against the Montreal Canadiens. The 27-year-old Durzi was solid in limited action with Utah last season, scoring 11 points (4G / 7A) in 30 games. Dmitri Simashev will be a healthy scratch to accommodate Durzi's return. ",2025-12-19
utah-hockey-club,,Alex Kerfoot,2025-09-21T21:42:45.129-04:00,"Kerfoot is out week-to-week with a lower-body injury. 
","Kerfoot's status for opening night seems murky after it was announced Monday that the forward was week-to-week with a lower-body injury. The 31-year-old has only missed one game in the last five seasons due to injury, and is coming off a disappointing 11-goal, 28-point campaign in 2024-25. ",2025-12-19
utah-hockey-club,,Juuso Valimaki,2025-03-10T11:02:30.885-04:00,Valimaki underwent successful surgery to repair a torn ACL is expected to miss the next 8-9 months. ,"Valimaki has not played since January 26th and will be sidelined for 8-9 months, recovering from ACL surgery. The 26-year-old defenseman averaged 16:33 time-on-ice and recorded five points (2G / 3A) in 43 games with Utah this season.",2025-12-19
utah-hockey-club,8483431,Logan Cooley,2025-12-11T18:44:45.372-05:00,Cooley (lower-body) is expected to miss a minimum of eight weeks. ,"Cooley has not played since suffering a lower-body injury on December 5th, and now seems unlikely to return prior to the Olympic break in February. The 21-year-old Cooley had been held off the scoresheet in four straight games. He has a solid 23 points (14G / 9A) in 29 games this season, but has benefitted from a few big-game performances, resulting in him being held without a point in 15 games.",2025-12-19
utah-hockey-club,8478831,Kevin Stenlund,2025-10-07T15:44:28.358-04:00,Stenlund (undisclosed) is being further evaluated and is questionable for Utah's season opener on Thursday. ,Stenlund is battling an undisclosed injury and his status for Utah's season opener on Thursday is up in the air. The 28-year-old achieved career-highs in goals (11) and points (15) in 2023-24 across 81 games played.,2025-12-19
utah-hockey-club,8478474,Lawson Crouse,2025-02-06T12:40:33.409-05:00,Crouse will rejoin Utah's lineup on Thursday in Columbus. ,"Matias Maccelli will be a healthy scratch on Thursday against the Columbus Blue Jackets, allowing Crouse to re-enter the lineup. The 27-year-old Crouse is averaging 14:16 time-on-ice, recording 11 points (7G / 4A), 24 penalty minutes, and 105 hits in 52 games this season.",2025-12-19
utah-hockey-club,8479410,Mikhail Sergachev,2025-01-29T21:20:43.974-05:00,Sergachev (upper-body) will play against the Penguins on Wednesday. ,"Sergachev has missed five straight games with an upper-body injury but could return to the lineup on Wednesday against the Pittsburgh Penguins. The 26-year-old defenseman is averaging a monstrous 25:45 time-on-ice, a career-high, recording 30 points (8G / 22A), 81 blocks, and 23 hits in 44 games this season.",2025-12-19
utah-hockey-club,8474013,Ian Cole,2025-03-05T22:03:05.695-05:00,Utah signed Cole to a one-year contract extension on Wednesday. ,"Cole was set to become an unrestricted free-agent on July 1st, but will instead remain in Utah for the 2025-26 season. The 36-year-old defenceman has one goal and 12 assists in 61 games for Utah this season and leads the NHL with 160 blocked shots. ",2025-12-19
utah-hockey-club,8480855,Jack McBain,2025-10-23T14:25:12.493-04:00,McBain (upper-body) will play in St. Louis on Thursday. ,"McBain exited Utah's most recent game early after only 4:56 time-on-ice due to an upper-body injury, but will not miss any more time, suiting up for Thursday's game against the St. Louis Blues. The 25-year-old McBain averaged 3.5 hits and 0.3 points per game in the 2024-25 season but is trailing that pace early in 2025-26, averaging only 2.1 hits and 0.1 points through seven games. ",2025-12-19
utah-hockey-club,8477951,Nick Schmaltz,2024-01-24T18:52:08.948-05:00,Schmaltz (upper-body) will play in Florida on Wednesday. ,"Schmaltz last played on January 16th, exiting the game with an upper-body injury after playing only 11:11 time-on-ice, and he has missed three games since. The talented playmaker has five points (3G / 2A) in his last six games and will return to the lineup on Wednesday against the Florida Panthers.",2025-12-19
utah-hockey-club,8477220,Nate Schmidt,2025-07-01T14:27:01.450-04:00,"The Mammoth have signed Nate Schmidt to a three-year deal worth $3.5M AAV ($10.5M total). 
","After winning the Stanley Cup with the Florida Panthers last season, Schmidt has secured a three-year deal worth $3.5 million AAV with the Utah Mammoth. The 33-year-old Schmidt averaged 16:32 time-on-ice and scored 19 points (5G / 14A) in 80 games last season. ",2025-12-19
utah-hockey-club,8478507,John Marino,2025-04-08T13:22:48.383-04:00,Marino (upper-body) will be out vs. Seattle on Tuesday and is considered day-to-day. ,"Marino is battling an undisclosed injury, did not practice on Monday, and will be sidelined on Tuesday against the Seattle Kraken. The 27-year-old Marino is averaging 21:10 time-on-ice and has 14 points (1G / 13A) in 35 games this season.",2025-12-19
vancouver-canucks,8484136,Max Sasson,2025-12-15T19:40:11.107-05:00,The Canucks signed Sasson to a two-year contract extension on Monday with a $1M AAV. ,"Sasson's extension means he will no longer become an unrestricted free agent at the end of this season. The 25-year-old forward has appeared in 29 games for the Canucks this season, logging six goals and two assists while featuring primarily in Vancouver's bottom-six. ",2025-12-19
vancouver-canucks,8483499,Liam Ohgren,2025-12-14T10:46:03.397-05:00,Ohgren is expected to make his Canucks debut on Sunday. ,,2025-12-19
vancouver-canucks,8484240,Tom Willander,2025-10-28T13:58:33.239-04:00,Willander will make his NHL debut vs. New York on Tuesday. ,"Victor Mancini (undisclosed) was placed on Injured Reserve, freeing up a roster spot for Vancouver to recalled Willander from Abbotsford (AHL). The 20-year-old Willander was the 11th-overall pick of the Canucks in the 2023 NHL Entry Draft. He is in his first professional season, tallying two points (1G / 1A) in five AHL games with Abbotsford and will make his NHL debut on Tuesday. ",2025-12-19
vancouver-canucks,,Thatcher Demko,2025-12-18T15:33:47.367-05:00,Demko will start on Long Island on Friday. ,"Recently returned from a four-week absence due to a lower-body injury, it was widely believed that the Canucks might ease the injury-prone Demko back into the crease, but he will tend the twine for a fourth straight game on Friday. The Canucks played poorly in Demko's absence, so it has been difficult for them to part with his services, given his excellent 1.35 GAA and .938 SV% in three games (2-1-0) since returning. He is coming off his first shutout of the season, a 23-save performance in a 3-0 win over the New York Rangers. ",2025-12-19
vancouver-canucks,,Kevin Lankinen,2025-12-18T15:34:09.121-05:00,Lankinen will start in Boston on Saturday.,,2025-12-19
vancouver-canucks,8482079,Marco Rossi,2025-12-14T10:23:37.723-05:00,Rossi is expected to make his Vancouver debut on Sunday. ,,2025-12-19
vancouver-canucks,8478856,Conor Garland,2025-11-29T21:00:30.024-05:00,Garland (upper-body) will not play on Saturday. ,,2025-12-19
vancouver-canucks,8484798,Zeev Buium,2025-12-14T10:46:29.612-05:00,Buium is expected to make his Canucks debut on Sunday. ,,2025-12-19
vancouver-canucks,8478444,Brock Boeser,2025-12-11T21:39:23.569-05:00,Boeser (undisclosed) took full part in warmups and is expected to play against the Sabres on Thursday. ,"The Canucks, already expected to be without Elias Pettersson (upper body), will thankfully have Boeser in the lineup on Thursday against the Buffalo Sabres. The 28-year-old Boeser has 16 points (9G / 7A) in 28 games this season, but has been held off the scoresheet in eight of his last 10 games.",2025-12-19
vancouver-canucks,8481024,Linus Karlsson,2025-10-16T13:15:17.197-04:00,Karlsson will make his season debut in Dallas on Thursday. ,"Scoring only eight goals in their first three games (1-2-0), the Canucks are shaking things up ahead of the contest on Thursday against the Dallas Stars. Lekkerimaki will be a healthy scratch and Braeden Cootes was reassigned to Seattle (AHL), paving the way for Max Sasson and Linus Karlsson to make their season debuts. The 25-year-old Karlsson has six points (3G / 3A) in 27 career NHL games. ",2025-12-19
vancouver-canucks,,Nils Hoglander,2025-12-08T13:40:54.729-05:00,Hoglander (lower-body) will make his season debut vs. Minnesota. ,"Hoglander underwent lower-body surgery towards the end of training camp and will finally make his season debut on Monday against the Minnesota Wild. The 24-year-old should return to his usual bottom-six role this season after an eight-goal, 25-point campaign across 72 games played in 2024-25.",2025-12-19
vancouver-canucks,8475169,Evander Kane,2025-12-06T20:26:24.569-05:00,Kane (illness) will draw back into the Canucks lineup on Saturday. ,,2025-12-19
vancouver-canucks,8480078,Filip Chytil,2025-11-16T12:43:05.049-05:00,Chytil (undisclosed) has returned to skating but still does not have a concrete return timeline. ,,2025-12-19
vancouver-canucks,8475762,Derek Forbort,2025-10-15T16:22:45.939-04:00,Forbort (undisclosed) has been placed on IR retroactive to October 11th. ,"Forbort did not play in Vancouver's 5-2 loss to the St. Louis Blues and has not practiced since. Through two games this season, the 33-year-old Forbort is averaging 13:56 time-on-ice, recording four blocks and two hits.",2025-12-19
vancouver-canucks,8476927,Teddy Blueger,2025-10-24T15:30:35.099-04:00,Blueger (undisclosed) has been placed on IR retroactive to October 19th. ,"Blueger scored a goal in Vancouver's 4-3 win over the Washington Capitals on Sunday, but also suffered an undisclosed injury and has been sidelined since. The 31-year-old Blueger had 26 points (8G / 18A) in 82 games last season.",2025-12-19
vancouver-canucks,,Pierre-Olivier Joseph,2025-12-05T13:46:00.381-05:00,Joseph (illness) is doubtful vs. Utah on Friday. ,Joseph was absent from practice on Thursday and is unlikely to suit up on Friday against the Utah Mammoth. The 26-year-old defenseman is averaging 11:50 time-on-ice and has one assist in 11 games this season.,2025-12-19
vancouver-canucks,8483678,Elias Pettersson,2025-12-18T15:37:21.467-05:00,Pettersson (upper-body) is unlikely to return vs. the Islanders on Friday. ,"Pettersson has not played since December 5th and remains day-to-day, likely to miss a sixth straight game on Friday against the New York Islanders. The 27-year-old Pettersson has 22 points (8G / 14A) in 28 games this season, but was held off the scoresheet in three straight  before his injury. ",2025-12-19
vancouver-canucks,8478498,Jake DeBrusk,2024-07-01T12:34:42.075-04:00,"The Canucks have signed Jake DeBrusk to a seven-year deal worth $38.5 million ($5.5M AAV). 

",Elias Petterson may have found his winger of the future as Vancouver signed left-winger Jake DeBrusk to a seven-year deal worth $38.5 million ($5.5M AAV). The 27-year-old had spent his first seven seasons in Boston and had 19 goals and 40 points in 80 games played in 2023-24. ,2025-12-19
vancouver-canucks,8480748,Kiefer Sherwood,2025-02-02T13:49:38.091-05:00,Sherwood (undisclosed) will return vs. Detroit on Sunday. ,,2025-12-19
vancouver-canucks,,Elias Nils Pettersson,2025-12-04T12:17:52.922-05:00,Elias N Pettersson has been recalled from Abbotsford (AHL). ,"Through 24 games this season, the 21-year Pettersson has seen sheltered minutes while predominantly playing on the Canucks' third defensive pair. He was reassigned to Abbotsford (AHL) earlier this week but quickly recalled on Thurdsay. ",2025-12-19
vancouver-canucks,8474574,Tyler Myers,2025-04-04T15:38:16.684-04:00,Myers is day-to-day with an undisclosed injury and is expected to be out on Saturday vs. Anaheim. ,Myers is battling an undisclosed injury and will not play on Saturday against the Anaheim Ducks. His next chance to play will be on Sunday against the Vegas Golden Knights. The 35-year-old defenseman is averaging 20:48 time-on-ice and has 24 points (6G / 18A) in 71 games this season. ,2025-12-19
vancouver-canucks,8480144,David Kampf,2025-11-17T15:36:33.356-05:00,Kampf is expected to make his Canucks' debut in Florida. ,"After refusing to play with the Marlies in the AHL, Toronto terminated Kampf's contract in hopes he can resume his career with a new team at the NHL level, which will begin on Monday as a member of the Canucks. The 30-year-old Czech forward has been an effective bottom-six player over the course of his career, with 143 points (48G / 95A) in 536 career games.",2025-12-19
vancouver-canucks,8482055,Drew O'Connor,2025-11-14T12:08:57.909-05:00,O'Connor (illness) will play in Carolina on Friday after missing practice on Thursday. ,"O'Connor has been effective in a middle-six role this season, playing every game this season, but could miss his first game of the season, as he continues recovering from an illness. The 27-year-old forward has eight points (4G / 4A) in 18 games this season.",2025-12-19
vancouver-canucks,8477969,Marcus Pettersson,2025-02-05T21:08:44.468-05:00,The Canucks have signed Marcus Pettersson to a six-year contract extension worth $33.0 million ($5.5M AAV). ,,2025-12-19
vancouver-canucks,8479425,Filip Hronek,2025-11-23T18:28:31.294-05:00,Hronek (illness) will play Sunday vs. the Flames. ,,2025-12-19
winnipeg-jets,8480113,Alex Iafallo,2025-04-16T10:03:53.142-04:00,"The Jets have signed Alex Iafallo to a 3-year contract extension worth $11.0M ($3.67M AAV). 
","Iafallo has become a utility option for the Jets, playing anywhere from the first to fourth line. In 2024-25, he's scored 15 goals with 16 assists (31 points) in 81 games, surpassing his 27 points from his first season with the Jets.  ",2025-12-19
winnipeg-jets,8476871,Tanner Pearson,2025-12-11T12:11:32.407-05:00,Pearson will be a healthy scratch vs. Boston on Thursday. ,"With Gustav Nyquist drawing back into the lineup, Pearson will be the odd man out as a healthy scratch. The 33-year-old Pearson has five points (4G / 1A) in 27 games this season. ",2025-12-19
winnipeg-jets,,Connor Hellebuyck,2025-12-17T19:34:07.393-05:00,Hellebuyck will start in St. Louis on Wednesday. ,"The Jets went 3-8-1 in 12 games with Hellebuyck sidelined due to a knee injury, but have collected at least a point in both games since his return (1-0-1). The 32-year-old Hellebuyck has been solid between the pipes, as per usual, posting a 2.44 GAA and .915 SV% in 16 games (9-6-1). The Jets enter the action on Wednesday as -132 road favorites against a St. Louis Blues team that has been outscored 19-9 in their last four games (1-3-0).",2025-12-19
winnipeg-jets,,Eric Comrie,2025-12-11T11:54:12.140-05:00,Comrie will start vs. Boston on Thursday. ,"Connor Hellebuyck (knee) returned to practice on Wednesday, but Comrie will continue to occupy the crease on Thursday against the Boston Bruins. The 30-year-old Comrie has struggled, as have the Jets, since Hellebuyck's injury, posting a concerning sub- .800 SV% in three of his last five games (1-3-1). He has a 3.16 GAA and .892 SV% in 14 games this season (6-7-1). The Jets enter Thursday's contest as -148 home favorites against a Bruins team that has scored four or more goals in four straight games (3-1-0). ",2025-12-19
winnipeg-jets,8480014,Gabriel Vilardi,2025-07-18T16:18:04.939-04:00,Winnipeg has signed Gabriel Vilardi to a six-year contract extension worth $7.5 million AAV ($45M total).,"Vilardi will avoid arbitration and cash in after the 25-year-old agreed to a six-year contract extension worth $7.5 million AAV ($45M total) with Winnipeg on Friday. The Canadian right-winger is entering his seventh NHL season after posting career highs in almost all major categories last season, including goals (27), assists (34), points (61), SOG (130), and PPP (25). He is expected to return to his role on the Jets' top line and powerplay for the 2025-26 season.  ",2025-12-19
winnipeg-jets,8476460,Mark Scheifele,2025-05-17T17:32:44.718-04:00,Scheifele (personal) will play Game 6 on Saturday night in Dallas.,"Kevin Cheveldayoff announced Saturday that Mark Scheifele's father had passed earlier in the morning. Despite the horrendous news, their star center will still be suiting up for Game 6 on Saturday. The 32-year-old has had a strong 2025 playoffs so far, with four goals, 10 points and a +4 plus/minus in 10 games.",2025-12-19
winnipeg-jets,8482149,Cole Perfetti,2025-11-09T15:25:15.012-05:00,Perfetti (ankle) will make his season debut on Sunday. ,,2025-12-19
winnipeg-jets,8477504,Josh Morrissey,2025-05-17T22:15:33.993-04:00,Josh Morrissey (lower-body) left Game 6 and has not returned for the 3rd period.,,2025-12-19
winnipeg-jets,8475799,Nino Niederreiter,2024-04-16T12:23:11.329-04:00,Niederreiter (Achilles) is expected to return on Tuesday vs. Seattle. ,"Niederreiter received several stitches in his leg after a game on April 1st and has missed the last five games since. The 31-year-old Niederreiter has struggled offensively lately, scoring zero points in his last 13 games.",2025-12-19
winnipeg-jets,8473604,Jonathan Toews,2025-10-09T12:19:22.155-04:00,Toews (undisclosed) will make his Jets' debut in Winnipeg's opener on Thursday vs. Dallas. ,"Toews ""tweaked something"" in a preseason contest against the Minnesota Wild last Tuesday, but will be ready to suit up for Thursday's contest against the Dallas Stars. After missing the entirety of the previous two seasons, recovering from injuries, Toews signed in the offseason with his hometown team. The veteran forward scored 31 points (15G / 16A) in 53 games in his most recent season in 2022-23.",2025-12-19
winnipeg-jets,8474679,Gustav Nyquist,2025-12-11T11:46:28.215-05:00,Nyquist is expected to draw back into Winnipeg's lineup vs. Boston on Thursday. ,"Nyquist was acquired in the offseason to help mitigate the loss of Nikolaj Ehlers, but he has struggled finding his footing with the Jets. The 36-year-old Nyquist only has six points (0G / 6A) in 20 games, and has been held off the scoresheet in six straight. He was a healthy scratch for the last week, but will return to the lineup on Thursday against the Boston Bruins. ",2025-12-19
winnipeg-jets,8477938,Haydn Fleury,2025-12-05T11:48:53.459-05:00,Fleury (concussion) has been cleared for contact and will need to get his conditioning back before he can rejoin the Jets. ,Fleury has not played since November 11th due to a concussion but is nearing his return after being cleared for contact. The 29-year-old Fleuery has played 15 games this season and not played more than 47 games since his rookie season in 2017-18.,2025-12-19
winnipeg-jets,8480289,Morgan Barron,2025-11-18T15:18:50.131-05:00,Barron (undisclosed) will return vs. Columbus on Tuesday. ,,2025-12-19
winnipeg-jets,8476480,Vladislav Namestnikov,2025-03-11T12:45:33.404-04:00,Namestnikov (concussion) will return vs. New York on Tuesday.,Namestnikov exited Sunday's 4-2 loss to the Carolina Hurricanes after being removed from the contest by a concussion spotter. The 32-year-old Namestnikov is averaging 15:00 time-on-ice and has 30 points (10G / 20A) in 61 games this season.,2025-12-19
winnipeg-jets,8480049,Dylan Samberg,2025-11-13T14:42:35.175-05:00,Samberg (wrist) is expected to make his season debut in Seattle on Thursday. ,"Samberg has yet to play this season, recovering from a wrist injury during training camp, but will make his season debut on Thursday against the Seattle Kraken. The 26-year-old is entering his fifth NHL season in Winnipeg after posting career highs in nearly all statistical categories in 2024-25, including goals (6), points (20), SOG (95) and average TOI (21:08). Luke Schenn will exit the lineup to accommodate Samberg's debut. ",2025-12-19
winnipeg-jets,8476331,Dylan DeMelo,2025-04-27T12:48:20.871-04:00,"DeMelo (illness) will be back in the Jets lineup for Game 4. 
",,2025-12-19
winnipeg-jets,8476392,Adam Lowry,2025-11-19T20:58:45.218-05:00,Winnipeg has signed Adam Lowry to a five-year extension worth $5 million AAV ($25M total).,"The Jets inked their captain to a five-year extension on Wednesday, keeping him locked up until his age 37 season in 2030-31. Lowry was on the final year of a five-year contract with a $3.25 million AAV, and was set to become an unrestricted free agent at the end of the season. The 33-year-old captain made his season debut on November 4th after he underwent hip surgery in the off-season and has three points (1G/2A) in seven games this season. ",2025-12-19
winnipeg-jets,8478398,Kyle Connor,2025-10-08T09:35:22.844-04:00,Winnipeg has signed Kyle Connor to an eight-year extension worth $12 million AAV ($96M total). ,"Heading into their season-opening matchup on Thursday against the Dallas Stars, the Winnipeg Jets announced their most lucrative contract in franchise history, signing Kyle Connor to a massive eight-year extension worth $96 million ($12 million AAV). The 28-year-old Connor was Winnipeg's seventh overall pick in the 2015 NHL Entry Draft and has consistently been one of the NHL's most consistent scorers since his rookie season in 2017-18. Connor scored a career-high 97 points (41G / 56A) in 82 games last season and will be relied upon again in 2025-26 to spearhead Winnipeg's offence. ",2025-12-19
winnipeg-jets,8479378,Logan Stanley,2025-05-07T21:19:02.833-04:00,Stanley (undisclosed) is not on the ice for warmups and will not play in Game 1 against the Stars. ,Stanley missed Winnipeg's final two games of Round 1 with an undisclosed injury but was a game-time decision to return for their opener of Round 2 vs. Dallas on Wednesday. The 26-year-old towering defenseman had one point in his previous 11 games before his injury.,2025-12-19
winnipeg-jets,8480145,Neal Pionk,2025-12-03T11:37:16.322-05:00,Pionk (lower-body) is expected to return in Montreal on Wednesday. ,"Pionk has not played in over a week, tending to a lower-body injury, but he will return on Wednesday against the Montreal Canadiens. The 30-year-old Pionk has been relied upon heavily this season, averaging 22:44 time-on-ice and recording five points (1G / 4A), 36 blocks, and 42 hits in 21 games.",2025-12-19
