player_id,player_name,first_name,last_name,headshot_url
8470613,Brent Burns,Brent,Burns,https://assets.nhle.com/mugs/nhl/latest/8470613.png
8470621,Corey Perry,Corey,Perry,https://assets.nhle.com/mugs/nhl/latest/8470621.png
8471214,Alex Ovechkin,Alex,Ovechkin,https://assets.nhle.com/mugs/nhl/latest/8471214.png
8471215,Evgeni Malkin,Evgeni,Malkin,https://assets.nhle.com/mugs/nhl/latest/8471215.png
8471675,Sidney Crosby,Sidney,Crosby,https://assets.nhle.com/mugs/nhl/latest/8471675.png
8471685,Anze Kopitar,Anze,Kopitar,https://assets.nhle.com/mugs/nhl/latest/8471685.png
8471724,Kris Letang,Kris,Letang,https://assets.nhle.com/mugs/nhl/latest/8471724.png
8471817,Ryan Reaves,Ryan,Reaves,https://assets.nhle.com/mugs/nhl/latest/8471817.png
8473419,Brad Marchand,Brad,Marchand,https://assets.nhle.com/mugs/nhl/latest/8473419.png
8473422,Nick Foligno,Nick,Foligno,https://assets.nhle.com/mugs/nhl/latest/8473422.png
8473507,Jeff Petry,Jeff,Petry,https://assets.nhle.com/mugs/nhl/latest/8473507.png
8473512,Claude Giroux,Claude,Giroux,https://assets.nhle.com/mugs/nhl/latest/8473512.png
8473533,Jordan Staal,Jordan,Staal,https://assets.nhle.com/mugs/nhl/latest/8473533.png
8473604,Jonathan Toews,Jonathan,Toews,https://assets.nhle.com/mugs/nhl/latest/8473604.png
8473986,Alex Killorn,Alex,Killorn,https://assets.nhle.com/mugs/nhl/latest/8473986.png
8473994,Jamie Benn,Jamie,Benn,https://assets.nhle.com/mugs/nhl/latest/8473994.png
8474013,Ian Cole,Ian,Cole,https://assets.nhle.com/mugs/nhl/latest/8474013.png
8474037,James van Riemsdyk,James,van Riemsdyk,https://assets.nhle.com/mugs/nhl/latest/8474037.png
8474102,David Perron,David,Perron,https://assets.nhle.com/mugs/nhl/latest/8474102.png
8474141,Patrick Kane,Patrick,Kane,https://assets.nhle.com/mugs/nhl/latest/8474141.png
8474149,Evgenii Dadonov,Evgenii,Dadonov,https://assets.nhle.com/mugs/nhl/latest/8474149.png
8474150,Mikael Backlund,Mikael,Backlund,https://assets.nhle.com/mugs/nhl/latest/8474150.png
8474151,Ryan McDonagh,Ryan,McDonagh,https://assets.nhle.com/mugs/nhl/latest/8474151.png
8474189,Lars Eller,Lars,Eller,https://assets.nhle.com/mugs/nhl/latest/8474189.png
8474563,Drew Doughty,Drew,Doughty,https://assets.nhle.com/mugs/nhl/latest/8474563.png
8474564,Steven Stamkos,Steven,Stamkos,https://assets.nhle.com/mugs/nhl/latest/8474564.png
8474567,Zach Bogosian,Zach,Bogosian,https://assets.nhle.com/mugs/nhl/latest/8474567.png
8474568,Luke Schenn,Luke,Schenn,https://assets.nhle.com/mugs/nhl/latest/8474568.png
8474574,Tyler Myers,Tyler,Myers,https://assets.nhle.com/mugs/nhl/latest/8474574.png
8474578,Erik Karlsson,Erik,Karlsson,https://assets.nhle.com/mugs/nhl/latest/8474578.png
8474586,Jordan Eberle,Jordan,Eberle,https://assets.nhle.com/mugs/nhl/latest/8474586.png
8474590,John Carlson,John,Carlson,https://assets.nhle.com/mugs/nhl/latest/8474590.png
8474600,Roman Josi,Roman,Josi,https://assets.nhle.com/mugs/nhl/latest/8474600.png
8474612,Travis Hamonic,Travis,Hamonic,https://assets.nhle.com/mugs/nhl/latest/8474612.png
8474641,Adam Henrique,Adam,Henrique,https://assets.nhle.com/mugs/nhl/latest/8474641.png
8474679,Gustav Nyquist,Gustav,Nyquist,https://assets.nhle.com/mugs/nhl/latest/8474679.png
8474716,Jared Spurgeon,Jared,Spurgeon,https://assets.nhle.com/mugs/nhl/latest/8474716.png
8475149,Marcus Johansson,Marcus,Johansson,https://assets.nhle.com/mugs/nhl/latest/8475149.png
8475151,Kyle Palmieri,Kyle,Palmieri,https://assets.nhle.com/mugs/nhl/latest/8475151.png
8475158,Ryan O'Reilly,Ryan,O'Reilly,https://assets.nhle.com/mugs/nhl/latest/8475158.png
8475166,John Tavares,John,Tavares,https://assets.nhle.com/mugs/nhl/latest/8475166.png
8475167,Victor Hedman,Victor,Hedman,https://assets.nhle.com/mugs/nhl/latest/8475167.png
8475168,Matt Duchene,Matt,Duchene,https://assets.nhle.com/mugs/nhl/latest/8475168.png
8475169,Evander Kane,Evander,Kane,https://assets.nhle.com/mugs/nhl/latest/8475169.png
8475170,Brayden Schenn,Brayden,Schenn,https://assets.nhle.com/mugs/nhl/latest/8475170.png
8475171,Oliver Ekman-Larsson,Oliver,Ekman-Larsson,https://assets.nhle.com/mugs/nhl/latest/8475171.png
8475172,Nazem Kadri,Nazem,Kadri,https://assets.nhle.com/mugs/nhl/latest/8475172.png
8475179,Dmitry Kulikov,Dmitry,Kulikov,https://assets.nhle.com/mugs/nhl/latest/8475179.png
8475181,Nick Leddy,Nick,Leddy,https://assets.nhle.com/mugs/nhl/latest/8475181.png
8475184,Chris Kreider,Chris,Kreider,https://assets.nhle.com/mugs/nhl/latest/8475184.png
8475188,Brayden McNabb,Brayden,McNabb,https://assets.nhle.com/mugs/nhl/latest/8475188.png
8475191,Reilly Smith,Reilly,Smith,https://assets.nhle.com/mugs/nhl/latest/8475191.png
8475200,Dmitry Orlov,Dmitry,Orlov,https://assets.nhle.com/mugs/nhl/latest/8475200.png
8475208,Brian Dumoulin,Brian,Dumoulin,https://assets.nhle.com/mugs/nhl/latest/8475208.png
8475218,Mattias Ekholm,Mattias,Ekholm,https://assets.nhle.com/mugs/nhl/latest/8475218.png
8475220,Marcus Foligno,Marcus,Foligno,https://assets.nhle.com/mugs/nhl/latest/8475220.png
8475231,Casey Cizikas,Casey,Cizikas,https://assets.nhle.com/mugs/nhl/latest/8475231.png
8475235,Nicolas Deslauriers,Nicolas,Deslauriers,https://assets.nhle.com/mugs/nhl/latest/8475235.png
8475279,Ben Chiarot,Ben,Chiarot,https://assets.nhle.com/mugs/nhl/latest/8475279.png
8475287,Erik Haula,Erik,Haula,https://assets.nhle.com/mugs/nhl/latest/8475287.png
8475314,Anders Lee,Anders,Lee,https://assets.nhle.com/mugs/nhl/latest/8475314.png
8475324,Nick Jensen,Nick,Jensen,https://assets.nhle.com/mugs/nhl/latest/8475324.png
8475343,Nic Dowd,Nic,Dowd,https://assets.nhle.com/mugs/nhl/latest/8475343.png
8475455,Brenden Dillon,Brenden,Dillon,https://assets.nhle.com/mugs/nhl/latest/8475455.png
8475461,Andrew Agozzino,Andrew,Agozzino,https://assets.nhle.com/mugs/nhl/latest/8475461.png
8475462,Radko Gudas,Radko,Gudas,https://assets.nhle.com/mugs/nhl/latest/8475462.png
8475690,Chris Tanev,Chris,Tanev,https://assets.nhle.com/mugs/nhl/latest/8475690.png
8475692,Mats Zuccarello,Mats,Zuccarello,https://assets.nhle.com/mugs/nhl/latest/8475692.png
8475714,Calle Jarnkrok,Calle,Jarnkrok,https://assets.nhle.com/mugs/nhl/latest/8475714.png
8475722,Jason Zucker,Jason,Zucker,https://assets.nhle.com/mugs/nhl/latest/8475722.png
8475726,Tyler Toffoli,Tyler,Toffoli,https://assets.nhle.com/mugs/nhl/latest/8475726.png
8475745,Charlie Coyle,Charlie,Coyle,https://assets.nhle.com/mugs/nhl/latest/8475745.png
8475752,Tyler Pitlick,Tyler,Pitlick,https://assets.nhle.com/mugs/nhl/latest/8475752.png
8475753,Justin Faulk,Justin,Faulk,https://assets.nhle.com/mugs/nhl/latest/8475753.png
8475754,Brock Nelson,Brock,Nelson,https://assets.nhle.com/mugs/nhl/latest/8475754.png
8475755,Alexander Petrovic,Alexander,Petrovic,https://assets.nhle.com/mugs/nhl/latest/8475755.png
8475760,Nick Bjugstad,Nick,Bjugstad,https://assets.nhle.com/mugs/nhl/latest/8475760.png
8475762,Derek Forbort,Derek,Forbort,https://assets.nhle.com/mugs/nhl/latest/8475762.png
8475763,Kevin Hayes,Kevin,Hayes,https://assets.nhle.com/mugs/nhl/latest/8475763.png
8475764,Cam Fowler,Cam,Fowler,https://assets.nhle.com/mugs/nhl/latest/8475764.png
8475765,Vladimir Tarasenko,Vladimir,Tarasenko,https://assets.nhle.com/mugs/nhl/latest/8475765.png
8475768,Jaden Schwartz,Jaden,Schwartz,https://assets.nhle.com/mugs/nhl/latest/8475768.png
8475784,Jeff Skinner,Jeff,Skinner,https://assets.nhle.com/mugs/nhl/latest/8475784.png
8475786,Zach Hyman,Zach,Hyman,https://assets.nhle.com/mugs/nhl/latest/8475786.png
8475790,Erik Gudbranson,Erik,Gudbranson,https://assets.nhle.com/mugs/nhl/latest/8475790.png
8475791,Taylor Hall,Taylor,Hall,https://assets.nhle.com/mugs/nhl/latest/8475791.png
8475794,Tyler Seguin,Tyler,Seguin,https://assets.nhle.com/mugs/nhl/latest/8475794.png
8475795,Dylan McIlrath,Dylan,McIlrath,https://assets.nhle.com/mugs/nhl/latest/8475795.png
8475798,Mikael Granlund,Mikael,Granlund,https://assets.nhle.com/mugs/nhl/latest/8475798.png
8475799,Nino Niederreiter,Nino,Niederreiter,https://assets.nhle.com/mugs/nhl/latest/8475799.png
8475810,Bryan Rust,Bryan,Rust,https://assets.nhle.com/mugs/nhl/latest/8475810.png
8475842,Sam Carrick,Sam,Carrick,https://assets.nhle.com/mugs/nhl/latest/8475842.png
8475848,Brendan Gallagher,Brendan,Gallagher,https://assets.nhle.com/mugs/nhl/latest/8475848.png
8475906,John Klingberg,John,Klingberg,https://assets.nhle.com/mugs/nhl/latest/8475906.png
8475913,Mark Stone,Mark,Stone,https://assets.nhle.com/mugs/nhl/latest/8475913.png
8476278,Colin Blackwell,Colin,Blackwell,https://assets.nhle.com/mugs/nhl/latest/8476278.png
8476292,Ondrej Palat,Ondrej,Palat,https://assets.nhle.com/mugs/nhl/latest/8476292.png
8476312,Josh Manson,Josh,Manson,https://assets.nhle.com/mugs/nhl/latest/8476312.png
8476331,Dylan DeMelo,Dylan,DeMelo,https://assets.nhle.com/mugs/nhl/latest/8476331.png
8476372,Nick Seeler,Nick,Seeler,https://assets.nhle.com/mugs/nhl/latest/8476372.png
8476374,Sean Kuraly,Sean,Kuraly,https://assets.nhle.com/mugs/nhl/latest/8476374.png
8476389,Vincent Trocheck,Vincent,Trocheck,https://assets.nhle.com/mugs/nhl/latest/8476389.png
8476392,Adam Lowry,Adam,Lowry,https://assets.nhle.com/mugs/nhl/latest/8476392.png
8476393,Nick Cousins,Nick,Cousins,https://assets.nhle.com/mugs/nhl/latest/8476393.png
8476399,Blake Coleman,Blake,Coleman,https://assets.nhle.com/mugs/nhl/latest/8476399.png
8476419,Jean-Gabriel Pageau,Jean-Gabriel,Pageau,https://assets.nhle.com/mugs/nhl/latest/8476419.png
8476422,Mike Reilly,Mike,Reilly,https://assets.nhle.com/mugs/nhl/latest/8476422.png
8476425,Joseph LaBate,Joseph,LaBate,https://assets.nhle.com/mugs/nhl/latest/8476425.png
8476429,Scott Mayfield,Scott,Mayfield,https://assets.nhle.com/mugs/nhl/latest/8476429.png
8476432,Boone Jenner,Boone,Jenner,https://assets.nhle.com/mugs/nhl/latest/8476432.png
8476438,Brandon Saad,Brandon,Saad,https://assets.nhle.com/mugs/nhl/latest/8476438.png
8476441,Joel Edmundson,Joel,Edmundson,https://assets.nhle.com/mugs/nhl/latest/8476441.png
8476448,William Karlsson,William,Karlsson,https://assets.nhle.com/mugs/nhl/latest/8476448.png
8476453,Nikita Kucherov,Nikita,Kucherov,https://assets.nhle.com/mugs/nhl/latest/8476453.png
8476454,Ryan Nugent-Hopkins,Ryan,Nugent-Hopkins,https://assets.nhle.com/mugs/nhl/latest/8476454.png
8476455,Gabriel Landeskog,Gabriel,Landeskog,https://assets.nhle.com/mugs/nhl/latest/8476455.png
8476456,Jonathan Huberdeau,Jonathan,Huberdeau,https://assets.nhle.com/mugs/nhl/latest/8476456.png
8476457,Adam Larsson,Adam,Larsson,https://assets.nhle.com/mugs/nhl/latest/8476457.png
8476458,Ryan Strome,Ryan,Strome,https://assets.nhle.com/mugs/nhl/latest/8476458.png
8476459,Mika Zibanejad,Mika,Zibanejad,https://assets.nhle.com/mugs/nhl/latest/8476459.png
8476460,Mark Scheifele,Mark,Scheifele,https://assets.nhle.com/mugs/nhl/latest/8476460.png
8476461,Sean Couturier,Sean,Couturier,https://assets.nhle.com/mugs/nhl/latest/8476461.png
8476462,Dougie Hamilton,Dougie,Hamilton,https://assets.nhle.com/mugs/nhl/latest/8476462.png
8476463,Jonas Brodin,Jonas,Brodin,https://assets.nhle.com/mugs/nhl/latest/8476463.png
8476467,Jamie Oleksiak,Jamie,Oleksiak,https://assets.nhle.com/mugs/nhl/latest/8476467.png
8476468,J.T. Miller,J.T.,Miller,https://assets.nhle.com/mugs/nhl/latest/8476468.png
8476469,Joel Armia,Joel,Armia,https://assets.nhle.com/mugs/nhl/latest/8476469.png
8476473,Connor Murphy,Connor,Murphy,https://assets.nhle.com/mugs/nhl/latest/8476473.png
8476474,Stefan Noesen,Stefan,Noesen,https://assets.nhle.com/mugs/nhl/latest/8476474.png
8476479,Phillip Danault,Phillip,Danault,https://assets.nhle.com/mugs/nhl/latest/8476479.png
8476480,Vladislav Namestnikov,Vladislav,Namestnikov,https://assets.nhle.com/mugs/nhl/latest/8476480.png
8476483,Rickard Rakell,Rickard,Rakell,https://assets.nhle.com/mugs/nhl/latest/8476483.png
8476525,Colin Miller,Colin,Miller,https://assets.nhle.com/mugs/nhl/latest/8476525.png
8476539,Jonathan Marchessault,Jonathan,Marchessault,https://assets.nhle.com/mugs/nhl/latest/8476539.png
8476624,Barclay Goodrow,Barclay,Goodrow,https://assets.nhle.com/mugs/nhl/latest/8476624.png
8476822,Luke Glendening,Luke,Glendening,https://assets.nhle.com/mugs/nhl/latest/8476822.png
8476826,Yanni Gourde,Yanni,Gourde,https://assets.nhle.com/mugs/nhl/latest/8476826.png
8476853,Morgan Rielly,Morgan,Rielly,https://assets.nhle.com/mugs/nhl/latest/8476853.png
8476854,Hampus Lindholm,Hampus,Lindholm,https://assets.nhle.com/mugs/nhl/latest/8476854.png
8476856,Mathew Dumba,Mathew,Dumba,https://assets.nhle.com/mugs/nhl/latest/8476856.png
8476867,Brendan Gaunce,Brendan,Gaunce,https://assets.nhle.com/mugs/nhl/latest/8476867.png
8476869,Brady Skjei,Brady,Skjei,https://assets.nhle.com/mugs/nhl/latest/8476869.png
8476871,Tanner Pearson,Tanner,Pearson,https://assets.nhle.com/mugs/nhl/latest/8476871.png
8476872,Scott Laughton,Scott,Laughton,https://assets.nhle.com/mugs/nhl/latest/8476872.png
8476873,Mark Jankowski,Mark,Jankowski,https://assets.nhle.com/mugs/nhl/latest/8476873.png
8476874,Olli Määttä,Olli,Määttä,https://assets.nhle.com/mugs/nhl/latest/8476874.png
8476875,Mike Matheson,Mike,Matheson,https://assets.nhle.com/mugs/nhl/latest/8476875.png
8476878,Zemgus Girgensons,Zemgus,Girgensons,https://assets.nhle.com/mugs/nhl/latest/8476878.png
8476879,Cody Ceci,Cody,Ceci,https://assets.nhle.com/mugs/nhl/latest/8476879.png
8476880,Tom Wilson,Tom,Wilson,https://assets.nhle.com/mugs/nhl/latest/8476880.png
8476881,Tomas Hertl,Tomas,Hertl,https://assets.nhle.com/mugs/nhl/latest/8476881.png
8476882,Teuvo Teravainen,Teuvo,Teravainen,https://assets.nhle.com/mugs/nhl/latest/8476882.png
8476885,Jacob Trouba,Jacob,Trouba,https://assets.nhle.com/mugs/nhl/latest/8476885.png
8476887,Filip Forsberg,Filip,Forsberg,https://assets.nhle.com/mugs/nhl/latest/8476887.png
8476889,Radek Faksa,Radek,Faksa,https://assets.nhle.com/mugs/nhl/latest/8476889.png
8476891,Matt Grzelcyk,Matt,Grzelcyk,https://assets.nhle.com/mugs/nhl/latest/8476891.png
8476892,Colton Parayko,Colton,Parayko,https://assets.nhle.com/mugs/nhl/latest/8476892.png
8476897,Oskar Sundqvist,Oskar,Sundqvist,https://assets.nhle.com/mugs/nhl/latest/8476897.png
8476902,Esa Lindell,Esa,Lindell,https://assets.nhle.com/mugs/nhl/latest/8476902.png
8476905,Chandler Stephenson,Chandler,Stephenson,https://assets.nhle.com/mugs/nhl/latest/8476905.png
8476906,Shayne Gostisbehere,Shayne,Gostisbehere,https://assets.nhle.com/mugs/nhl/latest/8476906.png
8476907,Mackenzie MacEachern,Mackenzie,MacEachern,https://assets.nhle.com/mugs/nhl/latest/8476907.png
8476917,Adam Pelech,Adam,Pelech,https://assets.nhle.com/mugs/nhl/latest/8476917.png
8476921,Jordan Martinook,Jordan,Martinook,https://assets.nhle.com/mugs/nhl/latest/8476921.png
8476923,Damon Severson,Damon,Severson,https://assets.nhle.com/mugs/nhl/latest/8476923.png
8476925,Colton Sissons,Colton,Sissons,https://assets.nhle.com/mugs/nhl/latest/8476925.png
8476927,Teddy Blueger,Teddy,Blueger,https://assets.nhle.com/mugs/nhl/latest/8476927.png
8476931,Jake McCabe,Jake,McCabe,https://assets.nhle.com/mugs/nhl/latest/8476931.png
8476958,Jaccob Slavin,Jaccob,Slavin,https://assets.nhle.com/mugs/nhl/latest/8476958.png
8476967,Brett Kulak,Brett,Kulak,https://assets.nhle.com/mugs/nhl/latest/8476967.png
8476981,Josh Anderson,Josh,Anderson,https://assets.nhle.com/mugs/nhl/latest/8476981.png
8476994,Vinnie Hinostroza,Vinnie,Hinostroza,https://assets.nhle.com/mugs/nhl/latest/8476994.png
8477015,Connor Brown,Connor,Brown,https://assets.nhle.com/mugs/nhl/latest/8477015.png
8477018,Ben Hutton,Ben,Hutton,https://assets.nhle.com/mugs/nhl/latest/8477018.png
8477070,Liam O'Brien,Liam,O'Brien,https://assets.nhle.com/mugs/nhl/latest/8477070.png
8477073,Kurtis MacDermid,Kurtis,MacDermid,https://assets.nhle.com/mugs/nhl/latest/8477073.png
8477149,Scott Sabourin,Scott,Sabourin,https://assets.nhle.com/mugs/nhl/latest/8477149.png
8477220,Nate Schmidt,Nate,Schmidt,https://assets.nhle.com/mugs/nhl/latest/8477220.png
8477346,MacKenzie Weegar,MacKenzie,Weegar,https://assets.nhle.com/mugs/nhl/latest/8477346.png
8477365,Connor Clifton,Connor,Clifton,https://assets.nhle.com/mugs/nhl/latest/8477365.png
8477369,Carson Soucy,Carson,Soucy,https://assets.nhle.com/mugs/nhl/latest/8477369.png
8477380,Jonny Brodzinski,Jonny,Brodzinski,https://assets.nhle.com/mugs/nhl/latest/8477380.png
8477401,John Hayden,John,Hayden,https://assets.nhle.com/mugs/nhl/latest/8477401.png
8477402,Pavel Buchnevich,Pavel,Buchnevich,https://assets.nhle.com/mugs/nhl/latest/8477402.png
8477404,Jake Guentzel,Jake,Guentzel,https://assets.nhle.com/mugs/nhl/latest/8477404.png
8477406,Mattias Janmark,Mattias,Janmark,https://assets.nhle.com/mugs/nhl/latest/8477406.png
8477407,Anthony Duclair,Anthony,Duclair,https://assets.nhle.com/mugs/nhl/latest/8477407.png
8477409,Carter Verhaeghe,Carter,Verhaeghe,https://assets.nhle.com/mugs/nhl/latest/8477409.png
8477416,Oliver Bjorkstrand,Oliver,Bjorkstrand,https://assets.nhle.com/mugs/nhl/latest/8477416.png
8477419,Mason Geertsen,Mason,Geertsen,https://assets.nhle.com/mugs/nhl/latest/8477419.png
8477425,Miles Wood,Miles,Wood,https://assets.nhle.com/mugs/nhl/latest/8477425.png
8477426,Nick Paul,Nick,Paul,https://assets.nhle.com/mugs/nhl/latest/8477426.png
8477429,Andrew Copp,Andrew,Copp,https://assets.nhle.com/mugs/nhl/latest/8477429.png
8477435,Ryan Graves,Ryan,Graves,https://assets.nhle.com/mugs/nhl/latest/8477435.png
8477444,Andre Burakovsky,Andre,Burakovsky,https://assets.nhle.com/mugs/nhl/latest/8477444.png
8477446,Michael McCarron,Michael,McCarron,https://assets.nhle.com/mugs/nhl/latest/8477446.png
8477447,Shea Theodore,Shea,Theodore,https://assets.nhle.com/mugs/nhl/latest/8477447.png
8477450,Jason Dickinson,Jason,Dickinson,https://assets.nhle.com/mugs/nhl/latest/8477450.png
8477451,Ryan Hartman,Ryan,Hartman,https://assets.nhle.com/mugs/nhl/latest/8477451.png
8477454,Adam Erne,Adam,Erne,https://assets.nhle.com/mugs/nhl/latest/8477454.png
8477456,J.T. Compher,J.T.,Compher,https://assets.nhle.com/mugs/nhl/latest/8477456.png
8477463,Steven Santini,Steven,Santini,https://assets.nhle.com/mugs/nhl/latest/8477463.png
8477476,Artturi Lehkonen,Artturi,Lehkonen,https://assets.nhle.com/mugs/nhl/latest/8477476.png
8477478,William Carrier,William,Carrier,https://assets.nhle.com/mugs/nhl/latest/8477478.png
8477479,Tyler Bertuzzi,Tyler,Bertuzzi,https://assets.nhle.com/mugs/nhl/latest/8477479.png
8477488,Brett Pesce,Brett,Pesce,https://assets.nhle.com/mugs/nhl/latest/8477488.png
8477492,Nathan MacKinnon,Nathan,MacKinnon,https://assets.nhle.com/mugs/nhl/latest/8477492.png
8477494,Jonathan Drouin,Jonathan,Drouin,https://assets.nhle.com/mugs/nhl/latest/8477494.png
8477495,Seth Jones,Seth,Jones,https://assets.nhle.com/mugs/nhl/latest/8477495.png
8477496,Elias Lindholm,Elias,Lindholm,https://assets.nhle.com/mugs/nhl/latest/8477496.png
8477497,Sean Monahan,Sean,Monahan,https://assets.nhle.com/mugs/nhl/latest/8477497.png
8477498,Darnell Nurse,Darnell,Nurse,https://assets.nhle.com/mugs/nhl/latest/8477498.png
8477500,Bo Horvat,Bo,Horvat,https://assets.nhle.com/mugs/nhl/latest/8477500.png
8477501,Valeri Nichushkin,Valeri,Nichushkin,https://assets.nhle.com/mugs/nhl/latest/8477501.png
8477503,Max Domi,Max,Domi,https://assets.nhle.com/mugs/nhl/latest/8477503.png
8477504,Josh Morrissey,Josh,Morrissey,https://assets.nhle.com/mugs/nhl/latest/8477504.png
8477505,Alexander Wennberg,Alexander,Wennberg,https://assets.nhle.com/mugs/nhl/latest/8477505.png
8477506,Ryan Pulock,Ryan,Pulock,https://assets.nhle.com/mugs/nhl/latest/8477506.png
8477507,Nikita Zadorov,Nikita,Zadorov,https://assets.nhle.com/mugs/nhl/latest/8477507.png
8477508,Curtis Lazar,Curtis,Lazar,https://assets.nhle.com/mugs/nhl/latest/8477508.png
8477511,Anthony Mantha,Anthony,Mantha,https://assets.nhle.com/mugs/nhl/latest/8477511.png
8477527,Ross Johnston,Ross,Johnston,https://assets.nhle.com/mugs/nhl/latest/8477527.png
8477541,Dakota Mermis,Dakota,Mermis,https://assets.nhle.com/mugs/nhl/latest/8477541.png
8477573,Nathan Walker,Nathan,Walker,https://assets.nhle.com/mugs/nhl/latest/8477573.png
8477810,Joel Hanley,Joel,Hanley,https://assets.nhle.com/mugs/nhl/latest/8477810.png
8477839,Conor Sheary,Conor,Sheary,https://assets.nhle.com/mugs/nhl/latest/8477839.png
8477845,Trevor van Riemsdyk,Trevor,van Riemsdyk,https://assets.nhle.com/mugs/nhl/latest/8477845.png
8477903,Garnet Hathaway,Garnet,Hathaway,https://assets.nhle.com/mugs/nhl/latest/8477903.png
8477919,Frederick Gaudreau,Frederick,Gaudreau,https://assets.nhle.com/mugs/nhl/latest/8477919.png
8477932,Aaron Ekblad,Aaron,Ekblad,https://assets.nhle.com/mugs/nhl/latest/8477932.png
8477933,Sam Reinhart,Sam,Reinhart,https://assets.nhle.com/mugs/nhl/latest/8477933.png
8477934,Leon Draisaitl,Leon,Draisaitl,https://assets.nhle.com/mugs/nhl/latest/8477934.png
8477935,Sam Bennett,Sam,Bennett,https://assets.nhle.com/mugs/nhl/latest/8477935.png
8477938,Haydn Fleury,Haydn,Fleury,https://assets.nhle.com/mugs/nhl/latest/8477938.png
8477939,William Nylander,William,Nylander,https://assets.nhle.com/mugs/nhl/latest/8477939.png
8477940,Nikolaj Ehlers,Nikolaj,Ehlers,https://assets.nhle.com/mugs/nhl/latest/8477940.png
8477942,Kevin Fiala,Kevin,Fiala,https://assets.nhle.com/mugs/nhl/latest/8477942.png
8477946,Dylan Larkin,Dylan,Larkin,https://assets.nhle.com/mugs/nhl/latest/8477946.png
8477947,Sonny Milano,Sonny,Milano,https://assets.nhle.com/mugs/nhl/latest/8477947.png
8477948,Travis Sanheim,Travis,Sanheim,https://assets.nhle.com/mugs/nhl/latest/8477948.png
8477949,Alex Tuch,Alex,Tuch,https://assets.nhle.com/mugs/nhl/latest/8477949.png
8477950,Tony DeAngelo,Tony,DeAngelo,https://assets.nhle.com/mugs/nhl/latest/8477950.png
8477951,Nick Schmaltz,Nick,Schmaltz,https://assets.nhle.com/mugs/nhl/latest/8477951.png
8477953,Kasperi Kapanen,Kasperi,Kapanen,https://assets.nhle.com/mugs/nhl/latest/8477953.png
8477955,Jared McCann,Jared,McCann,https://assets.nhle.com/mugs/nhl/latest/8477955.png
8477956,David Pastrnak,David,Pastrnak,https://assets.nhle.com/mugs/nhl/latest/8477956.png
8477960,Adrian Kempe,Adrian,Kempe,https://assets.nhle.com/mugs/nhl/latest/8477960.png
8477964,Ivan Barbashev,Ivan,Barbashev,https://assets.nhle.com/mugs/nhl/latest/8477964.png
8477969,Marcus Pettersson,Marcus,Pettersson,https://assets.nhle.com/mugs/nhl/latest/8477969.png
8477986,Brandon Montour,Brandon,Montour,https://assets.nhle.com/mugs/nhl/latest/8477986.png
8477987,Ryan Donato,Ryan,Donato,https://assets.nhle.com/mugs/nhl/latest/8477987.png
8477989,Christian Dvorak,Christian,Dvorak,https://assets.nhle.com/mugs/nhl/latest/8477989.png
8477993,Justin Kirkland,Justin,Kirkland,https://assets.nhle.com/mugs/nhl/latest/8477993.png
8477996,Juho Lammikko,Juho,Lammikko,https://assets.nhle.com/mugs/nhl/latest/8477996.png
8477998,Warren Foegele,Warren,Foegele,https://assets.nhle.com/mugs/nhl/latest/8477998.png
8478010,Brayden Point,Brayden,Point,https://assets.nhle.com/mugs/nhl/latest/8478010.png
8478013,Jake Walman,Jake,Walman,https://assets.nhle.com/mugs/nhl/latest/8478013.png
8478020,Michael Amadio,Michael,Amadio,https://assets.nhle.com/mugs/nhl/latest/8478020.png
8478038,Devon Toews,Devon,Toews,https://assets.nhle.com/mugs/nhl/latest/8478038.png
8478042,Viktor Arvidsson,Viktor,Arvidsson,https://assets.nhle.com/mugs/nhl/latest/8478042.png
8478043,Sam Lafferty,Sam,Lafferty,https://assets.nhle.com/mugs/nhl/latest/8478043.png
8478046,Danton Heinen,Danton,Heinen,https://assets.nhle.com/mugs/nhl/latest/8478046.png
8478047,Michael Bunting,Michael,Bunting,https://assets.nhle.com/mugs/nhl/latest/8478047.png
8478055,Gustav Forsling,Gustav,Forsling,https://assets.nhle.com/mugs/nhl/latest/8478055.png
8478057,Dakota Joshua,Dakota,Joshua,https://assets.nhle.com/mugs/nhl/latest/8478057.png
8478062,Dysin Mayo,Dysin,Mayo,https://assets.nhle.com/mugs/nhl/latest/8478062.png
8478104,Sammy Blais,Sammy,Blais,https://assets.nhle.com/mugs/nhl/latest/8478104.png
8478109,Victor Olofsson,Victor,Olofsson,https://assets.nhle.com/mugs/nhl/latest/8478109.png
8478133,Jake Evans,Jake,Evans,https://assets.nhle.com/mugs/nhl/latest/8478133.png
8478136,Jake Middleton,Jake,Middleton,https://assets.nhle.com/mugs/nhl/latest/8478136.png
8478173,Hayden Hodgson,Hayden,Hodgson,https://assets.nhle.com/mugs/nhl/latest/8478173.png
8478178,Darren Raddysh,Darren,Raddysh,https://assets.nhle.com/mugs/nhl/latest/8478178.png
8478233,Andrew Mangiapane,Andrew,Mangiapane,https://assets.nhle.com/mugs/nhl/latest/8478233.png
8478366,Frank Vatrano,Frank,Vatrano,https://assets.nhle.com/mugs/nhl/latest/8478366.png
8478396,Noah Hanifin,Noah,Hanifin,https://assets.nhle.com/mugs/nhl/latest/8478396.png
8478397,Rasmus Andersson,Rasmus,Andersson,https://assets.nhle.com/mugs/nhl/latest/8478397.png
8478398,Kyle Connor,Kyle,Connor,https://assets.nhle.com/mugs/nhl/latest/8478398.png
8478399,Jonas Siegenthaler,Jonas,Siegenthaler,https://assets.nhle.com/mugs/nhl/latest/8478399.png
8478401,Pavel Zacha,Pavel,Zacha,https://assets.nhle.com/mugs/nhl/latest/8478401.png
8478402,Connor McDavid,Connor,McDavid,https://assets.nhle.com/mugs/nhl/latest/8478402.png
8478403,Jack Eichel,Jack,Eichel,https://assets.nhle.com/mugs/nhl/latest/8478403.png
8478407,Vince Dunn,Vince,Dunn,https://assets.nhle.com/mugs/nhl/latest/8478407.png
8478413,Jordan Greenway,Jordan,Greenway,https://assets.nhle.com/mugs/nhl/latest/8478413.png
8478414,Timo Meier,Timo,Meier,https://assets.nhle.com/mugs/nhl/latest/8478414.png
8478416,Erik Cernak,Erik,Cernak,https://assets.nhle.com/mugs/nhl/latest/8478416.png
8478420,Mikko Rantanen,Mikko,Rantanen,https://assets.nhle.com/mugs/nhl/latest/8478420.png
8478421,A.J. Greer,A.J.,Greer,https://assets.nhle.com/mugs/nhl/latest/8478421.png
8478424,Jansen Harkins,Jansen,Harkins,https://assets.nhle.com/mugs/nhl/latest/8478424.png
8478427,Sebastian Aho,Sebastian,Aho,https://assets.nhle.com/mugs/nhl/latest/8478427.png
8478434,Keegan Kolesar,Keegan,Kolesar,https://assets.nhle.com/mugs/nhl/latest/8478434.png
8478438,Tommy Novak,Tommy,Novak,https://assets.nhle.com/mugs/nhl/latest/8478438.png
8478439,Travis Konecny,Travis,Konecny,https://assets.nhle.com/mugs/nhl/latest/8478439.png
8478440,Dylan Strome,Dylan,Strome,https://assets.nhle.com/mugs/nhl/latest/8478440.png
8478443,Brandon Carlo,Brandon,Carlo,https://assets.nhle.com/mugs/nhl/latest/8478443.png
8478444,Brock Boeser,Brock,Boeser,https://assets.nhle.com/mugs/nhl/latest/8478444.png
8478445,Mathew Barzal,Mathew,Barzal,https://assets.nhle.com/mugs/nhl/latest/8478445.png
8478449,Roope Hintz,Roope,Hintz,https://assets.nhle.com/mugs/nhl/latest/8478449.png
8478450,Parker Wotherspoon,Parker,Wotherspoon,https://assets.nhle.com/mugs/nhl/latest/8478450.png
8478452,Caleb Jones,Caleb,Jones,https://assets.nhle.com/mugs/nhl/latest/8478452.png
8478454,Noah Juulsen,Noah,Juulsen,https://assets.nhle.com/mugs/nhl/latest/8478454.png
8478458,Jack Roslovic,Jack,Roslovic,https://assets.nhle.com/mugs/nhl/latest/8478458.png
8478460,Zach Werenski,Zach,Werenski,https://assets.nhle.com/mugs/nhl/latest/8478460.png
8478462,Nicolas Roy,Nicolas,Roy,https://assets.nhle.com/mugs/nhl/latest/8478462.png
8478463,Anthony Beauvillier,Anthony,Beauvillier,https://assets.nhle.com/mugs/nhl/latest/8478463.png
8478468,Jeremy Lauzon,Jeremy,Lauzon,https://assets.nhle.com/mugs/nhl/latest/8478468.png
8478469,Thomas Chabot,Thomas,Chabot,https://assets.nhle.com/mugs/nhl/latest/8478469.png
8478472,Mathieu Joseph,Mathieu,Joseph,https://assets.nhle.com/mugs/nhl/latest/8478472.png
8478474,Lawson Crouse,Lawson,Crouse,https://assets.nhle.com/mugs/nhl/latest/8478474.png
8478476,Kyle Capobianco,Kyle,Capobianco,https://assets.nhle.com/mugs/nhl/latest/8478476.png
8478483,Mitch Marner,Mitch,Marner,https://assets.nhle.com/mugs/nhl/latest/8478483.png
8478493,Joel Eriksson Ek,Joel,Eriksson Ek,https://assets.nhle.com/mugs/nhl/latest/8478493.png
8478498,Jake DeBrusk,Jake,DeBrusk,https://assets.nhle.com/mugs/nhl/latest/8478498.png
8478500,Ivan Provorov,Ivan,Provorov,https://assets.nhle.com/mugs/nhl/latest/8478500.png
8478507,John Marino,John,Marino,https://assets.nhle.com/mugs/nhl/latest/8478507.png
8478508,Yakov Trenin,Yakov,Trenin,https://assets.nhle.com/mugs/nhl/latest/8478508.png
8478519,Anthony Cirelli,Anthony,Cirelli,https://assets.nhle.com/mugs/nhl/latest/8478519.png
8478542,Evan Rodrigues,Evan,Rodrigues,https://assets.nhle.com/mugs/nhl/latest/8478542.png
8478550,Artemi Panarin,Artemi,Panarin,https://assets.nhle.com/mugs/nhl/latest/8478550.png
8478569,Noel Acciari,Noel,Acciari,https://assets.nhle.com/mugs/nhl/latest/8478569.png
8478831,Kevin Stenlund,Kevin,Stenlund,https://assets.nhle.com/mugs/nhl/latest/8478831.png
8478840,Will Borgen,Will,Borgen,https://assets.nhle.com/mugs/nhl/latest/8478840.png
8478841,Colton White,Colton,White,https://assets.nhle.com/mugs/nhl/latest/8478841.png
8478851,Alexandre Carrier,Alexandre,Carrier,https://assets.nhle.com/mugs/nhl/latest/8478851.png
8478854,Ryan Shea,Ryan,Shea,https://assets.nhle.com/mugs/nhl/latest/8478854.png
8478856,Conor Garland,Conor,Garland,https://assets.nhle.com/mugs/nhl/latest/8478856.png
8478859,Niko Mikkola,Niko,Mikkola,https://assets.nhle.com/mugs/nhl/latest/8478859.png
8478864,Kirill Kaprizov,Kirill,Kaprizov,https://assets.nhle.com/mugs/nhl/latest/8478864.png
8478873,Troy Terry,Troy,Terry,https://assets.nhle.com/mugs/nhl/latest/8478873.png
8478874,Adam Gaudette,Adam,Gaudette,https://assets.nhle.com/mugs/nhl/latest/8478874.png
8478882,Vladislav Gavrikov,Vladislav,Gavrikov,https://assets.nhle.com/mugs/nhl/latest/8478882.png
8478891,Mason Appleton,Mason,Appleton,https://assets.nhle.com/mugs/nhl/latest/8478891.png
8478904,Steven Lorentz,Steven,Lorentz,https://assets.nhle.com/mugs/nhl/latest/8478904.png
8478911,Matt Roy,Matt,Roy,https://assets.nhle.com/mugs/nhl/latest/8478911.png
8478970,Jalen Chatfield,Jalen,Chatfield,https://assets.nhle.com/mugs/nhl/latest/8478970.png
8478975,Mason Marchment,Mason,Marchment,https://assets.nhle.com/mugs/nhl/latest/8478975.png
8479022,Rodrigo Abols,Rodrigo,Abols,https://assets.nhle.com/mugs/nhl/latest/8479022.png
8479026,Philippe Myers,Philippe,Myers,https://assets.nhle.com/mugs/nhl/latest/8479026.png
8479066,Ryan Lomberg,Ryan,Lomberg,https://assets.nhle.com/mugs/nhl/latest/8479066.png
8479293,Brandon Tanev,Brandon,Tanev,https://assets.nhle.com/mugs/nhl/latest/8479293.png
8479316,Luke Kunin,Luke,Kunin,https://assets.nhle.com/mugs/nhl/latest/8479316.png
8479318,Auston Matthews,Auston,Matthews,https://assets.nhle.com/mugs/nhl/latest/8479318.png
8479323,Adam Fox,Adam,Fox,https://assets.nhle.com/mugs/nhl/latest/8479323.png
8479324,Ryan Lindgren,Ryan,Lindgren,https://assets.nhle.com/mugs/nhl/latest/8479324.png
8479325,Charlie McAvoy,Charlie,McAvoy,https://assets.nhle.com/mugs/nhl/latest/8479325.png
8479336,Carl Grundstrom,Carl,Grundstrom,https://assets.nhle.com/mugs/nhl/latest/8479336.png
8479337,Alex DeBrincat,Alex,DeBrincat,https://assets.nhle.com/mugs/nhl/latest/8479337.png
8479339,Patrik Laine,Patrik,Laine,https://assets.nhle.com/mugs/nhl/latest/8479339.png
8479343,Clayton Keller,Clayton,Keller,https://assets.nhle.com/mugs/nhl/latest/8479343.png
8479345,Jakob Chychrun,Jakob,Chychrun,https://assets.nhle.com/mugs/nhl/latest/8479345.png
8479351,Sam Steel,Sam,Steel,https://assets.nhle.com/mugs/nhl/latest/8479351.png
8479353,Brett Howden,Brett,Howden,https://assets.nhle.com/mugs/nhl/latest/8479353.png
8479359,Beck Malenstyn,Beck,Malenstyn,https://assets.nhle.com/mugs/nhl/latest/8479359.png
8479362,Riley Tufte,Riley,Tufte,https://assets.nhle.com/mugs/nhl/latest/8479362.png
8479365,Trent Frederic,Trent,Frederic,https://assets.nhle.com/mugs/nhl/latest/8479365.png
8479369,Andrew Peeke,Andrew,Peeke,https://assets.nhle.com/mugs/nhl/latest/8479369.png
8479370,Tyson Jost,Tyson,Jost,https://assets.nhle.com/mugs/nhl/latest/8479370.png
8479371,Dante Fabbro,Dante,Fabbro,https://assets.nhle.com/mugs/nhl/latest/8479371.png
8479372,Joshua Mahura,Joshua,Mahura,https://assets.nhle.com/mugs/nhl/latest/8479372.png
8479378,Logan Stanley,Logan,Stanley,https://assets.nhle.com/mugs/nhl/latest/8479378.png
8479383,Boris Katchouk,Boris,Katchouk,https://assets.nhle.com/mugs/nhl/latest/8479383.png
8479385,Jordan Kyrou,Jordan,Kyrou,https://assets.nhle.com/mugs/nhl/latest/8479385.png
8479390,Taylor Raddysh,Taylor,Raddysh,https://assets.nhle.com/mugs/nhl/latest/8479390.png
8479393,Noah Gregor,Noah,Gregor,https://assets.nhle.com/mugs/nhl/latest/8479393.png
8479395,Dennis Cholowski,Dennis,Cholowski,https://assets.nhle.com/mugs/nhl/latest/8479395.png
8479398,Samuel Girard,Samuel,Girard,https://assets.nhle.com/mugs/nhl/latest/8479398.png
8479400,Pierre-Luc Dubois,Pierre-Luc,Dubois,https://assets.nhle.com/mugs/nhl/latest/8479400.png
8479402,Jake Bean,Jake,Bean,https://assets.nhle.com/mugs/nhl/latest/8479402.png
8479407,Jesper Bratt,Jesper,Bratt,https://assets.nhle.com/mugs/nhl/latest/8479407.png
8479410,Mikhail Sergachev,Mikhail,Sergachev,https://assets.nhle.com/mugs/nhl/latest/8479410.png
8479414,Nathan Bastian,Nathan,Bastian,https://assets.nhle.com/mugs/nhl/latest/8479414.png
8479420,Tage Thompson,Tage,Thompson,https://assets.nhle.com/mugs/nhl/latest/8479420.png
8479421,Jacob Moverare,Jacob,Moverare,https://assets.nhle.com/mugs/nhl/latest/8479421.png
8479425,Filip Hronek,Filip,Hronek,https://assets.nhle.com/mugs/nhl/latest/8479425.png
8479442,Troy Stecher,Troy,Stecher,https://assets.nhle.com/mugs/nhl/latest/8479442.png
8479520,Brandon Duhaime,Brandon,Duhaime,https://assets.nhle.com/mugs/nhl/latest/8479520.png
8479525,Ross Colton,Ross,Colton,https://assets.nhle.com/mugs/nhl/latest/8479525.png
8479533,Joona Koppanen,Joona,Koppanen,https://assets.nhle.com/mugs/nhl/latest/8479533.png
8479542,Brandon Hagel,Brandon,Hagel,https://assets.nhle.com/mugs/nhl/latest/8479542.png
8479576,Vincent Desharnais,Vincent,Desharnais,https://assets.nhle.com/mugs/nhl/latest/8479576.png
8479591,Michael Eyssimont,Michael,Eyssimont,https://assets.nhle.com/mugs/nhl/latest/8479591.png
8479619,Michael Carcone,Michael,Carcone,https://assets.nhle.com/mugs/nhl/latest/8479619.png
8479638,Justin Brazeau,Justin,Brazeau,https://assets.nhle.com/mugs/nhl/latest/8479638.png
8479661,Tanner Jeannot,Tanner,Jeannot,https://assets.nhle.com/mugs/nhl/latest/8479661.png
8479671,Mathieu Olivier,Mathieu,Olivier,https://assets.nhle.com/mugs/nhl/latest/8479671.png
8479675,Trevor Moore,Trevor,Moore,https://assets.nhle.com/mugs/nhl/latest/8479675.png
8479705,Jeffrey Viel,Jeffrey,Viel,https://assets.nhle.com/mugs/nhl/latest/8479705.png
8479772,Zack MacEwen,Zack,MacEwen,https://assets.nhle.com/mugs/nhl/latest/8479772.png
8479941,Justin Danforth,Justin,Danforth,https://assets.nhle.com/mugs/nhl/latest/8479941.png
8479944,Zachary Aston-Reese,Zachary,Aston-Reese,https://assets.nhle.com/mugs/nhl/latest/8479944.png
8479977,Kailer Yamamoto,Kailer,Yamamoto,https://assets.nhle.com/mugs/nhl/latest/8479977.png
8479980,Nicolas Hague,Nicolas,Hague,https://assets.nhle.com/mugs/nhl/latest/8479980.png
8479981,Jonah Gadjovich,Jonah,Gadjovich,https://assets.nhle.com/mugs/nhl/latest/8479981.png
8479982,Conor Timmins,Conor,Timmins,https://assets.nhle.com/mugs/nhl/latest/8479982.png
8479983,Mario Ferraro,Mario,Ferraro,https://assets.nhle.com/mugs/nhl/latest/8479983.png
8479985,Cale Fleury,Cale,Fleury,https://assets.nhle.com/mugs/nhl/latest/8479985.png
8479987,Morgan Geekie,Morgan,Geekie,https://assets.nhle.com/mugs/nhl/latest/8479987.png
8479992,Michael Rasmussen,Michael,Rasmussen,https://assets.nhle.com/mugs/nhl/latest/8479992.png
8479996,Cody Glass,Cody,Glass,https://assets.nhle.com/mugs/nhl/latest/8479996.png
8479998,Mikey Anderson,Mikey,Anderson,https://assets.nhle.com/mugs/nhl/latest/8479998.png
8479999,Casey Mittelstadt,Casey,Mittelstadt,https://assets.nhle.com/mugs/nhl/latest/8479999.png
8480001,Urho Vaakanainen,Urho,Vaakanainen,https://assets.nhle.com/mugs/nhl/latest/8480001.png
8480002,Nico Hischier,Nico,Hischier,https://assets.nhle.com/mugs/nhl/latest/8480002.png
8480003,Jesper Boqvist,Jesper,Boqvist,https://assets.nhle.com/mugs/nhl/latest/8480003.png
8480009,Eeli Tolvanen,Eeli,Tolvanen,https://assets.nhle.com/mugs/nhl/latest/8480009.png
8480012,Elias Pettersson,Elias,Pettersson,https://assets.nhle.com/mugs/nhl/latest/8480012.png
8480014,Gabriel Vilardi,Gabriel,Vilardi,https://assets.nhle.com/mugs/nhl/latest/8480014.png
8480015,Owen Tippett,Owen,Tippett,https://assets.nhle.com/mugs/nhl/latest/8480015.png
8480018,Nick Suzuki,Nick,Suzuki,https://assets.nhle.com/mugs/nhl/latest/8480018.png
8480023,Robert Thomas,Robert,Thomas,https://assets.nhle.com/mugs/nhl/latest/8480023.png
8480027,Jason Robertson,Jason,Robertson,https://assets.nhle.com/mugs/nhl/latest/8480027.png
8480028,Morgan Frost,Morgan,Frost,https://assets.nhle.com/mugs/nhl/latest/8480028.png
8480035,Henri Jokiharju,Henri,Jokiharju,https://assets.nhle.com/mugs/nhl/latest/8480035.png
8480036,Miro Heiskanen,Miro,Heiskanen,https://assets.nhle.com/mugs/nhl/latest/8480036.png
8480039,Martin Necas,Martin,Necas,https://assets.nhle.com/mugs/nhl/latest/8480039.png
8480043,Timothy Liljegren,Timothy,Liljegren,https://assets.nhle.com/mugs/nhl/latest/8480043.png
8480049,Dylan Samberg,Dylan,Samberg,https://assets.nhle.com/mugs/nhl/latest/8480049.png
8480058,P.O Joseph,P.O,Joseph,https://assets.nhle.com/mugs/nhl/latest/8480058.png
8480064,Josh Norris,Josh,Norris,https://assets.nhle.com/mugs/nhl/latest/8480064.png
8480068,Ryan Poehling,Ryan,Poehling,https://assets.nhle.com/mugs/nhl/latest/8480068.png
8480069,Cale Makar,Cale,Makar,https://assets.nhle.com/mugs/nhl/latest/8480069.png
8480074,Alexandre Texier,Alexandre,Texier,https://assets.nhle.com/mugs/nhl/latest/8480074.png
8480078,Filip Chytil,Filip,Chytil,https://assets.nhle.com/mugs/nhl/latest/8480078.png
8480084,Nick DeSimone,Nick,DeSimone,https://assets.nhle.com/mugs/nhl/latest/8480084.png
8480113,Alex Iafallo,Alex,Iafallo,https://assets.nhle.com/mugs/nhl/latest/8480113.png
8480144,David Kampf,David,Kampf,https://assets.nhle.com/mugs/nhl/latest/8480144.png
8480145,Neal Pionk,Neal,Pionk,https://assets.nhle.com/mugs/nhl/latest/8480145.png
8480185,Eetu Luostarinen,Eetu,Luostarinen,https://assets.nhle.com/mugs/nhl/latest/8480185.png
8480188,Fabian Zetterlund,Fabian,Zetterlund,https://assets.nhle.com/mugs/nhl/latest/8480188.png
8480196,Jacob Bryson,Jacob,Bryson,https://assets.nhle.com/mugs/nhl/latest/8480196.png
8480208,Drake Batherson,Drake,Batherson,https://assets.nhle.com/mugs/nhl/latest/8480208.png
8480220,Noah Cates,Noah,Cates,https://assets.nhle.com/mugs/nhl/latest/8480220.png
8480245,Olle Lycksell,Olle,Lycksell,https://assets.nhle.com/mugs/nhl/latest/8480245.png
8480246,Nick Perbix,Nick,Perbix,https://assets.nhle.com/mugs/nhl/latest/8480246.png
8480259,Ben Jones,Ben,Jones,https://assets.nhle.com/mugs/nhl/latest/8480259.png
8480281,Alexey Toropchenko,Alexey,Toropchenko,https://assets.nhle.com/mugs/nhl/latest/8480281.png
8480289,Morgan Barron,Morgan,Barron,https://assets.nhle.com/mugs/nhl/latest/8480289.png
8480336,Sean Walker,Sean,Walker,https://assets.nhle.com/mugs/nhl/latest/8480336.png
8480355,Mark Kastelic,Mark,Kastelic,https://assets.nhle.com/mugs/nhl/latest/8480355.png
8480426,Charle-Edouard D'Astous,Charle-Edouard,D'Astous,https://assets.nhle.com/mugs/nhl/latest/8480426.png
8480434,Sean Durzi,Sean,Durzi,https://assets.nhle.com/mugs/nhl/latest/8480434.png
8480448,Parker Kelly,Parker,Kelly,https://assets.nhle.com/mugs/nhl/latest/8480448.png
8480459,Pius Suter,Pius,Suter,https://assets.nhle.com/mugs/nhl/latest/8480459.png
8480727,Zach Whitecloud,Zach,Whitecloud,https://assets.nhle.com/mugs/nhl/latest/8480727.png
8480748,Kiefer Sherwood,Kiefer,Sherwood,https://assets.nhle.com/mugs/nhl/latest/8480748.png
8480762,Eric Robinson,Eric,Robinson,https://assets.nhle.com/mugs/nhl/latest/8480762.png
8480796,Martin Fehérváry,Martin,Fehérváry,https://assets.nhle.com/mugs/nhl/latest/8480796.png
8480797,Joel Farabee,Joel,Farabee,https://assets.nhle.com/mugs/nhl/latest/8480797.png
8480798,Philipp Kurashev,Philipp,Kurashev,https://assets.nhle.com/mugs/nhl/latest/8480798.png
8480800,Quinn Hughes,Quinn,Hughes,https://assets.nhle.com/mugs/nhl/latest/8480800.png
8480801,Brady Tkachuk,Brady,Tkachuk,https://assets.nhle.com/mugs/nhl/latest/8480801.png
8480802,Ryan McLeod,Ryan,McLeod,https://assets.nhle.com/mugs/nhl/latest/8480802.png
8480803,Evan Bouchard,Evan,Bouchard,https://assets.nhle.com/mugs/nhl/latest/8480803.png
8480806,Isac Lundeström,Isac,Lundeström,https://assets.nhle.com/mugs/nhl/latest/8480806.png
8480807,Mattias Samuelsson,Mattias,Samuelsson,https://assets.nhle.com/mugs/nhl/latest/8480807.png
8480813,Joe Veleno,Joe,Veleno,https://assets.nhle.com/mugs/nhl/latest/8480813.png
8480817,K'Andre Miller,K'Andre,Miller,https://assets.nhle.com/mugs/nhl/latest/8480817.png
8480825,Patrick Giles,Patrick,Giles,https://assets.nhle.com/mugs/nhl/latest/8480825.png
8480828,Michael Callahan,Michael,Callahan,https://assets.nhle.com/mugs/nhl/latest/8480828.png
8480829,Jesperi Kotkaniemi,Jesperi,Kotkaniemi,https://assets.nhle.com/mugs/nhl/latest/8480829.png
8480830,Andrei Svechnikov,Andrei,Svechnikov,https://assets.nhle.com/mugs/nhl/latest/8480830.png
8480831,Alec Regula,Alec,Regula,https://assets.nhle.com/mugs/nhl/latest/8480831.png
8480834,Ty Emberson,Ty,Emberson,https://assets.nhle.com/mugs/nhl/latest/8480834.png
8480835,Jack Drury,Jack,Drury,https://assets.nhle.com/mugs/nhl/latest/8480835.png
8480839,Rasmus Dahlin,Rasmus,Dahlin,https://assets.nhle.com/mugs/nhl/latest/8480839.png
8480840,Oskar Bäck,Oskar,Bäck,https://assets.nhle.com/mugs/nhl/latest/8480840.png
8480842,Filip Hallander,Filip,Hallander,https://assets.nhle.com/mugs/nhl/latest/8480842.png
8480848,Ty Dellandrea,Ty,Dellandrea,https://assets.nhle.com/mugs/nhl/latest/8480848.png
8480849,Barrett Hayton,Barrett,Hayton,https://assets.nhle.com/mugs/nhl/latest/8480849.png
8480855,Jack McBain,Jack,McBain,https://assets.nhle.com/mugs/nhl/latest/8480855.png
8480860,Kevin Bahl,Kevin,Bahl,https://assets.nhle.com/mugs/nhl/latest/8480860.png
8480865,Noah Dobson,Noah,Dobson,https://assets.nhle.com/mugs/nhl/latest/8480865.png
8480871,Adam Boqvist,Adam,Boqvist,https://assets.nhle.com/mugs/nhl/latest/8480871.png
8480873,Rasmus Sandin,Rasmus,Sandin,https://assets.nhle.com/mugs/nhl/latest/8480873.png
8480874,Adam Ginning,Adam,Ginning,https://assets.nhle.com/mugs/nhl/latest/8480874.png
8480876,Curtis Douglas,Curtis,Douglas,https://assets.nhle.com/mugs/nhl/latest/8480876.png
8480878,Nils Lundkvist,Nils,Lundkvist,https://assets.nhle.com/mugs/nhl/latest/8480878.png
8480879,Jacob Bernard-Docker,Jacob,Bernard-Docker,https://assets.nhle.com/mugs/nhl/latest/8480879.png
8480887,Jordan Harris,Jordan,Harris,https://assets.nhle.com/mugs/nhl/latest/8480887.png
8480891,Michael Kesselring,Michael,Kesselring,https://assets.nhle.com/mugs/nhl/latest/8480891.png
8480893,Kirill Marchenko,Kirill,Marchenko,https://assets.nhle.com/mugs/nhl/latest/8480893.png
8480950,Ilya Lyubushkin,Ilya,Lyubushkin,https://assets.nhle.com/mugs/nhl/latest/8480950.png
8480980,Connor Dewar,Connor,Dewar,https://assets.nhle.com/mugs/nhl/latest/8480980.png
8480990,Declan Chisholm,Declan,Chisholm,https://assets.nhle.com/mugs/nhl/latest/8480990.png
8480995,Pontus Holmberg,Pontus,Holmberg,https://assets.nhle.com/mugs/nhl/latest/8480995.png
8481006,Tyler Tucker,Tyler,Tucker,https://assets.nhle.com/mugs/nhl/latest/8481006.png
8481013,Jonatan Berggren,Jonatan,Berggren,https://assets.nhle.com/mugs/nhl/latest/8481013.png
8481014,Alexander Romanov,Alexander,Romanov,https://assets.nhle.com/mugs/nhl/latest/8481014.png
8481024,Linus Karlsson,Linus,Karlsson,https://assets.nhle.com/mugs/nhl/latest/8481024.png
8481032,Paul Cotter,Paul,Cotter,https://assets.nhle.com/mugs/nhl/latest/8481032.png
8481043,Cole Koepke,Cole,Koepke,https://assets.nhle.com/mugs/nhl/latest/8481043.png
8481056,Spencer Stastney,Spencer,Stastney,https://assets.nhle.com/mugs/nhl/latest/8481056.png
8481068,Yegor Sharangovich,Yegor,Sharangovich,https://assets.nhle.com/mugs/nhl/latest/8481068.png
8481122,Simon Benoit,Simon,Benoit,https://assets.nhle.com/mugs/nhl/latest/8481122.png
8481133,Cole Reinhardt,Cole,Reinhardt,https://assets.nhle.com/mugs/nhl/latest/8481133.png
8481161,Jake Christiansen,Jake,Christiansen,https://assets.nhle.com/mugs/nhl/latest/8481161.png
8481167,Brayden Pachal,Brayden,Pachal,https://assets.nhle.com/mugs/nhl/latest/8481167.png
8481178,Egor Zamula,Egor,Zamula,https://assets.nhle.com/mugs/nhl/latest/8481178.png
8481219,Jonathan Aspirot,Jonathan,Aspirot,https://assets.nhle.com/mugs/nhl/latest/8481219.png
8481237,Kyle MacLean,Kyle,MacLean,https://assets.nhle.com/mugs/nhl/latest/8481237.png
8481477,Nico Sturm,Nico,Sturm,https://assets.nhle.com/mugs/nhl/latest/8481477.png
8481481,Blake Lizotte,Blake,Lizotte,https://assets.nhle.com/mugs/nhl/latest/8481481.png
8481491,Noah Philp,Noah,Philp,https://assets.nhle.com/mugs/nhl/latest/8481491.png
8481522,Peyton Krebs,Peyton,Krebs,https://assets.nhle.com/mugs/nhl/latest/8481522.png
8481523,Kirby Dach,Kirby,Dach,https://assets.nhle.com/mugs/nhl/latest/8481523.png
8481524,Bowen Byram,Bowen,Byram,https://assets.nhle.com/mugs/nhl/latest/8481524.png
8481525,Matthew Robertson,Matthew,Robertson,https://assets.nhle.com/mugs/nhl/latest/8481525.png
8481527,Kaedan Korczak,Kaedan,Korczak,https://assets.nhle.com/mugs/nhl/latest/8481527.png
8481528,Dylan Cozens,Dylan,Cozens,https://assets.nhle.com/mugs/nhl/latest/8481528.png
8481532,Alex Turcotte,Alex,Turcotte,https://assets.nhle.com/mugs/nhl/latest/8481532.png
8481533,Trevor Zegras,Trevor,Zegras,https://assets.nhle.com/mugs/nhl/latest/8481533.png
8481540,Cole Caufield,Cole,Caufield,https://assets.nhle.com/mugs/nhl/latest/8481540.png
8481542,Moritz Seider,Moritz,Seider,https://assets.nhle.com/mugs/nhl/latest/8481542.png
8481546,Cam York,Cam,York,https://assets.nhle.com/mugs/nhl/latest/8481546.png
8481553,Bobby Brink,Bobby,Brink,https://assets.nhle.com/mugs/nhl/latest/8481553.png
8481554,Kaapo Kakko,Kaapo,Kakko,https://assets.nhle.com/mugs/nhl/latest/8481554.png
8481556,John Beecher,John,Beecher,https://assets.nhle.com/mugs/nhl/latest/8481556.png
8481557,Matt Boldy,Matt,Boldy,https://assets.nhle.com/mugs/nhl/latest/8481557.png
8481559,Jack Hughes,Jack,Hughes,https://assets.nhle.com/mugs/nhl/latest/8481559.png
8481560,Arthur Kaliyev,Arthur,Kaliyev,https://assets.nhle.com/mugs/nhl/latest/8481560.png
8481562,Domenick Fensore,Domenick,Fensore,https://assets.nhle.com/mugs/nhl/latest/8481562.png
8481563,Drew Helleson,Drew,Helleson,https://assets.nhle.com/mugs/nhl/latest/8481563.png
8481564,Ryan Johnson,Ryan,Johnson,https://assets.nhle.com/mugs/nhl/latest/8481564.png
8481568,Alex Vlasic,Alex,Vlasic,https://assets.nhle.com/mugs/nhl/latest/8481568.png
8481569,Marshall Warren,Marshall,Warren,https://assets.nhle.com/mugs/nhl/latest/8481569.png
8481577,Philip Tomasino,Philip,Tomasino,https://assets.nhle.com/mugs/nhl/latest/8481577.png
8481580,Connor McMichael,Connor,McMichael,https://assets.nhle.com/mugs/nhl/latest/8481580.png
8481581,Thomas Harley,Thomas,Harley,https://assets.nhle.com/mugs/nhl/latest/8481581.png
8481582,Nicholas Robertson,Nicholas,Robertson,https://assets.nhle.com/mugs/nhl/latest/8481582.png
8481591,Sam Poulin,Sam,Poulin,https://assets.nhle.com/mugs/nhl/latest/8481591.png
8481592,Jakob Pelletier,Jakob,Pelletier,https://assets.nhle.com/mugs/nhl/latest/8481592.png
8481593,Jayden Struble,Jayden,Struble,https://assets.nhle.com/mugs/nhl/latest/8481593.png
8481594,Nathan Légaré,Nathan,Légaré,https://assets.nhle.com/mugs/nhl/latest/8481594.png
8481596,Shane Pinto,Shane,Pinto,https://assets.nhle.com/mugs/nhl/latest/8481596.png
8481598,Philip Broberg,Philip,Broberg,https://assets.nhle.com/mugs/nhl/latest/8481598.png
8481601,Simon Holmstrom,Simon,Holmstrom,https://assets.nhle.com/mugs/nhl/latest/8481601.png
8481604,Pavel Dorofeyev,Pavel,Dorofeyev,https://assets.nhle.com/mugs/nhl/latest/8481604.png
8481605,Jackson LaCombe,Jackson,LaCombe,https://assets.nhle.com/mugs/nhl/latest/8481605.png
8481606,Jordan Spence,Jordan,Spence,https://assets.nhle.com/mugs/nhl/latest/8481606.png
8481607,Albert Johansson,Albert,Johansson,https://assets.nhle.com/mugs/nhl/latest/8481607.png
8481609,Vladislav Kolyachonok,Vladislav,Kolyachonok,https://assets.nhle.com/mugs/nhl/latest/8481609.png
8481617,Vasily Podkolzin,Vasily,Podkolzin,https://assets.nhle.com/mugs/nhl/latest/8481617.png
8481618,Alex Newhook,Alex,Newhook,https://assets.nhle.com/mugs/nhl/latest/8481618.png
8481624,Ilya Mikheyev,Ilya,Mikheyev,https://assets.nhle.com/mugs/nhl/latest/8481624.png
8481641,Joel Kiviranta,Joel,Kiviranta,https://assets.nhle.com/mugs/nhl/latest/8481641.png
8481655,Cole Schwindt,Cole,Schwindt,https://assets.nhle.com/mugs/nhl/latest/8481655.png
8481656,Aliaksei Protas,Aliaksei,Protas,https://assets.nhle.com/mugs/nhl/latest/8481656.png
8481704,Juuso Parssinen,Juuso,Parssinen,https://assets.nhle.com/mugs/nhl/latest/8481704.png
8481711,Matias Maccelli,Matias,Maccelli,https://assets.nhle.com/mugs/nhl/latest/8481711.png
8481712,Matěj  Blümel,Matěj ,Blümel,https://assets.nhle.com/mugs/nhl/latest/8481712.png
8481715,Hunter Skinner,Hunter,Skinner,https://assets.nhle.com/mugs/nhl/latest/8481715.png
8481716,Dmitri Voronkov,Dmitri,Voronkov,https://assets.nhle.com/mugs/nhl/latest/8481716.png
8481719,Max Crozier,Max,Crozier,https://assets.nhle.com/mugs/nhl/latest/8481719.png
8481721,Arseny Gritsyuk,Arseny,Gritsyuk,https://assets.nhle.com/mugs/nhl/latest/8481721.png
8481725,Elmer Soderblom,Elmer,Soderblom,https://assets.nhle.com/mugs/nhl/latest/8481725.png
8481726,Adam Edstrom,Adam,Edstrom,https://assets.nhle.com/mugs/nhl/latest/8481726.png
8481754,Nikita Nesterenko,Nikita,Nesterenko,https://assets.nhle.com/mugs/nhl/latest/8481754.png
8481789,Tye Kartye,Tye,Kartye,https://assets.nhle.com/mugs/nhl/latest/8481789.png
8481806,Louis Crevier,Louis,Crevier,https://assets.nhle.com/mugs/nhl/latest/8481806.png
8481848,Jacob Gaucher,Jacob,Gaucher,https://assets.nhle.com/mugs/nhl/latest/8481848.png
8482055,Drew O'Connor,Drew,O'Connor,https://assets.nhle.com/mugs/nhl/latest/8482055.png
8482062,Cole Smith,Cole,Smith,https://assets.nhle.com/mugs/nhl/latest/8482062.png
8482070,Mitchell Chaffee,Mitchell,Chaffee,https://assets.nhle.com/mugs/nhl/latest/8482070.png
8482072,Jack Ahcan,Jack,Ahcan,https://assets.nhle.com/mugs/nhl/latest/8482072.png
8482073,Braden Schneider,Braden,Schneider,https://assets.nhle.com/mugs/nhl/latest/8482073.png
8482074,Connor Zary,Connor,Zary,https://assets.nhle.com/mugs/nhl/latest/8482074.png
8482077,Dylan Holloway,Dylan,Holloway,https://assets.nhle.com/mugs/nhl/latest/8482077.png
8482078,Lucas Raymond,Lucas,Raymond,https://assets.nhle.com/mugs/nhl/latest/8482078.png
8482079,Marco Rossi,Marco,Rossi,https://assets.nhle.com/mugs/nhl/latest/8482079.png
8482087,Kaiden Guhle,Kaiden,Guhle,https://assets.nhle.com/mugs/nhl/latest/8482087.png
8482088,Justin Sourdif,Justin,Sourdif,https://assets.nhle.com/mugs/nhl/latest/8482088.png
8482089,Jake Neighbours,Jake,Neighbours,https://assets.nhle.com/mugs/nhl/latest/8482089.png
8482090,Jack Finley,Jack,Finley,https://assets.nhle.com/mugs/nhl/latest/8482090.png
8482092,Ridly Greig,Ridly,Greig,https://assets.nhle.com/mugs/nhl/latest/8482092.png
8482093,Seth Jarvis,Seth,Jarvis,https://assets.nhle.com/mugs/nhl/latest/8482093.png
8482094,Daemon Hunt,Daemon,Hunt,https://assets.nhle.com/mugs/nhl/latest/8482094.png
8482095,Tyler Kleven,Tyler,Kleven,https://assets.nhle.com/mugs/nhl/latest/8482095.png
8482097,Jack Quinn,Jack,Quinn,https://assets.nhle.com/mugs/nhl/latest/8482097.png
8482100,Alexander Nikishin,Alexander,Nikishin,https://assets.nhle.com/mugs/nhl/latest/8482100.png
8482103,Ozzy Wiesblatt,Ozzy,Wiesblatt,https://assets.nhle.com/mugs/nhl/latest/8482103.png
8482105,Jake Sanderson,Jake,Sanderson,https://assets.nhle.com/mugs/nhl/latest/8482105.png
8482109,Alexis Lafrenière,Alexis,Lafrenière,https://assets.nhle.com/mugs/nhl/latest/8482109.png
8482110,Dawson Mercer,Dawson,Mercer,https://assets.nhle.com/mugs/nhl/latest/8482110.png
8482111,Justin Barron,Justin,Barron,https://assets.nhle.com/mugs/nhl/latest/8482111.png
8482113,Anton Lundell,Anton,Lundell,https://assets.nhle.com/mugs/nhl/latest/8482113.png
8482116,Tim Stützle,Tim,Stützle,https://assets.nhle.com/mugs/nhl/latest/8482116.png
8482117,Lukas Reichel,Lukas,Reichel,https://assets.nhle.com/mugs/nhl/latest/8482117.png
8482118,Sam Colangelo,Sam,Colangelo,https://assets.nhle.com/mugs/nhl/latest/8482118.png
8482122,Brock Faber,Brock,Faber,https://assets.nhle.com/mugs/nhl/latest/8482122.png
8482124,Quinton Byfield,Quinton,Byfield,https://assets.nhle.com/mugs/nhl/latest/8482124.png
8482125,Alexander Holtz,Alexander,Holtz,https://assets.nhle.com/mugs/nhl/latest/8482125.png
8482126,Emil Andrae,Emil,Andrae,https://assets.nhle.com/mugs/nhl/latest/8482126.png
8482131,Donovan Sebrango,Donovan,Sebrango,https://assets.nhle.com/mugs/nhl/latest/8482131.png
8482142,Jamie Drysdale,Jamie,Drysdale,https://assets.nhle.com/mugs/nhl/latest/8482142.png
8482145,Mavrik Bourque,Mavrik,Bourque,https://assets.nhle.com/mugs/nhl/latest/8482145.png
8482146,Luke Evangelista,Luke,Evangelista,https://assets.nhle.com/mugs/nhl/latest/8482146.png
8482148,Hendrix Lapierre,Hendrix,Lapierre,https://assets.nhle.com/mugs/nhl/latest/8482148.png
8482149,Cole Perfetti,Cole,Perfetti,https://assets.nhle.com/mugs/nhl/latest/8482149.png
8482155,Alex Laferriere,Alex,Laferriere,https://assets.nhle.com/mugs/nhl/latest/8482155.png
8482157,Will Cuylle,Will,Cuylle,https://assets.nhle.com/mugs/nhl/latest/8482157.png
8482159,Tyson Foerster,Tyson,Foerster,https://assets.nhle.com/mugs/nhl/latest/8482159.png
8482165,Yan Kuznetsov,Yan,Kuznetsov,https://assets.nhle.com/mugs/nhl/latest/8482165.png
8482166,Shakir Mukhamadullin,Shakir,Mukhamadullin,https://assets.nhle.com/mugs/nhl/latest/8482166.png
8482172,Landon Slaggert,Landon,Slaggert,https://assets.nhle.com/mugs/nhl/latest/8482172.png
8482175,JJ Peterka,JJ,Peterka,https://assets.nhle.com/mugs/nhl/latest/8482175.png
8482176,Wyatt Kaiser,Wyatt,Kaiser,https://assets.nhle.com/mugs/nhl/latest/8482176.png
8482177,Marat Khusnutdinov,Marat,Khusnutdinov,https://assets.nhle.com/mugs/nhl/latest/8482177.png
8482178,Ian Moore,Ian,Moore,https://assets.nhle.com/mugs/nhl/latest/8482178.png
8482201,Gage Goncalves,Gage,Goncalves,https://assets.nhle.com/mugs/nhl/latest/8482201.png
8482206,Ethan Cardwell,Ethan,Cardwell,https://assets.nhle.com/mugs/nhl/latest/8482206.png
8482209,Rory Kerins,Rory,Kerins,https://assets.nhle.com/mugs/nhl/latest/8482209.png
8482245,Artem Zub,Artem,Zub,https://assets.nhle.com/mugs/nhl/latest/8482245.png
8482259,Bobby McMann,Bobby,McMann,https://assets.nhle.com/mugs/nhl/latest/8482259.png
8482408,Jeff Malott,Jeff,Malott,https://assets.nhle.com/mugs/nhl/latest/8482408.png
8482460,Matt Rempe,Matt,Rempe,https://assets.nhle.com/mugs/nhl/latest/8482460.png
8482470,Ilya Solovyov,Ilya,Solovyov,https://assets.nhle.com/mugs/nhl/latest/8482470.png
8482475,Yegor Chinakhov,Yegor,Chinakhov,https://assets.nhle.com/mugs/nhl/latest/8482475.png
8482476,Emil Heineman,Emil,Heineman,https://assets.nhle.com/mugs/nhl/latest/8482476.png
8482482,Adam Wilsby,Adam,Wilsby,https://assets.nhle.com/mugs/nhl/latest/8482482.png
8482496,Nils Aman,Nils,Aman,https://assets.nhle.com/mugs/nhl/latest/8482496.png
8482511,Mason Lohrei,Mason,Lohrei,https://assets.nhle.com/mugs/nhl/latest/8482511.png
8482516,Matthew Kessel,Matthew,Kessel,https://assets.nhle.com/mugs/nhl/latest/8482516.png
8482623,Josh Dunne,Josh,Dunne,https://assets.nhle.com/mugs/nhl/latest/8482623.png
8482624,Daniil Miromanov,Daniil,Miromanov,https://assets.nhle.com/mugs/nhl/latest/8482624.png
8482634,Alex Steeves,Alex,Steeves,https://assets.nhle.com/mugs/nhl/latest/8482634.png
8482655,J.J. Moser,J.J.,Moser,https://assets.nhle.com/mugs/nhl/latest/8482655.png
8482659,Josh Doan,Josh,Doan,https://assets.nhle.com/mugs/nhl/latest/8482659.png
8482660,Kent Johnson,Kent,Johnson,https://assets.nhle.com/mugs/nhl/latest/8482660.png
8482665,Matty Beniers,Matty,Beniers,https://assets.nhle.com/mugs/nhl/latest/8482665.png
8482666,Scott Morrow,Scott,Morrow,https://assets.nhle.com/mugs/nhl/latest/8482666.png
8482667,William Eklund,William,Eklund,https://assets.nhle.com/mugs/nhl/latest/8482667.png
8482671,Owen Power,Owen,Power,https://assets.nhle.com/mugs/nhl/latest/8482671.png
8482679,Matt Coronato,Matt,Coronato,https://assets.nhle.com/mugs/nhl/latest/8482679.png
8482684,Luke Hughes,Luke,Hughes,https://assets.nhle.com/mugs/nhl/latest/8482684.png
8482691,Aatu Raty,Aatu,Raty,https://assets.nhle.com/mugs/nhl/latest/8482691.png
8482699,Dylan Guenther,Dylan,Guenther,https://assets.nhle.com/mugs/nhl/latest/8482699.png
8482702,Logan Stankoven,Logan,Stankoven,https://assets.nhle.com/mugs/nhl/latest/8482702.png
8482703,Colton Dach,Colton,Dach,https://assets.nhle.com/mugs/nhl/latest/8482703.png
8482705,Cole Sillinger,Cole,Sillinger,https://assets.nhle.com/mugs/nhl/latest/8482705.png
8482713,Mackie Samoskevich,Mackie,Samoskevich,https://assets.nhle.com/mugs/nhl/latest/8482713.png
8482720,Matthew Knies,Matthew,Knies,https://assets.nhle.com/mugs/nhl/latest/8482720.png
8482726,Samuel Helenius,Samuel,Helenius,https://assets.nhle.com/mugs/nhl/latest/8482726.png
8482730,Brandt Clarke,Brandt,Clarke,https://assets.nhle.com/mugs/nhl/latest/8482730.png
8482733,Logan Mailloux,Logan,Mailloux,https://assets.nhle.com/mugs/nhl/latest/8482733.png
8482737,Zack Bolduc,Zack,Bolduc,https://assets.nhle.com/mugs/nhl/latest/8482737.png
8482740,Wyatt Johnston,Wyatt,Johnston,https://assets.nhle.com/mugs/nhl/latest/8482740.png
8482745,Mason McTavish,Mason,McTavish,https://assets.nhle.com/mugs/nhl/latest/8482745.png
8482747,Brennan Othmann,Brennan,Othmann,https://assets.nhle.com/mugs/nhl/latest/8482747.png
8482749,Joshua Roy,Joshua,Roy,https://assets.nhle.com/mugs/nhl/latest/8482749.png
8482751,Ryan Winterton,Ryan,Winterton,https://assets.nhle.com/mugs/nhl/latest/8482751.png
8482758,Ville Koivunen,Ville,Koivunen,https://assets.nhle.com/mugs/nhl/latest/8482758.png
8482762,Simon Edvinsson,Simon,Edvinsson,https://assets.nhle.com/mugs/nhl/latest/8482762.png
8482765,Isak Rosen,Isak,Rosen,https://assets.nhle.com/mugs/nhl/latest/8482765.png
8482768,Fedor Svechkov,Fedor,Svechkov,https://assets.nhle.com/mugs/nhl/latest/8482768.png
8482775,Oliver Kapanen,Oliver,Kapanen,https://assets.nhle.com/mugs/nhl/latest/8482775.png
8482787,Nikita Chibrikov,Nikita,Chibrikov,https://assets.nhle.com/mugs/nhl/latest/8482787.png
8482803,Olen Zellweger,Olen,Zellweger,https://assets.nhle.com/mugs/nhl/latest/8482803.png
8482807,Ethan Del Mastro,Ethan,Del Mastro,https://assets.nhle.com/mugs/nhl/latest/8482807.png
8482809,Jackson Blake,Jackson,Blake,https://assets.nhle.com/mugs/nhl/latest/8482809.png
8482858,Ryker Evans,Ryker,Evans,https://assets.nhle.com/mugs/nhl/latest/8482858.png
8482859,Zack Ostapchuk,Zack,Ostapchuk,https://assets.nhle.com/mugs/nhl/latest/8482859.png
8482861,Vincent Iorio,Vincent,Iorio,https://assets.nhle.com/mugs/nhl/latest/8482861.png
8482877,Jaroslav Chmelar,Jaroslav,Chmelar,https://assets.nhle.com/mugs/nhl/latest/8482877.png
8482896,Tyson Kozak,Tyson,Kozak,https://assets.nhle.com/mugs/nhl/latest/8482896.png
8482911,Joel Nystrom,Joel,Nystrom,https://assets.nhle.com/mugs/nhl/latest/8482911.png
8482929,Emil Lilleberg,Emil,Lilleberg,https://assets.nhle.com/mugs/nhl/latest/8482929.png
8482941,Shane Lachance,Shane,Lachance,https://assets.nhle.com/mugs/nhl/latest/8482941.png
8482947,Zakhar Bardakov,Zakhar,Bardakov,https://assets.nhle.com/mugs/nhl/latest/8482947.png
8482953,Taylor Makar,Taylor,Makar,https://assets.nhle.com/mugs/nhl/latest/8482953.png
8482964,Arber Xhekaj,Arber,Xhekaj,https://assets.nhle.com/mugs/nhl/latest/8482964.png
8483039,Tristen Nielsen,Tristen,Nielsen,https://assets.nhle.com/mugs/nhl/latest/8483039.png
8483395,Arshdeep Bains,Arshdeep,Bains,https://assets.nhle.com/mugs/nhl/latest/8483395.png
8483398,Declan Carlile,Declan,Carlile,https://assets.nhle.com/mugs/nhl/latest/8483398.png
8483424,Owen Beck,Owen,Beck,https://assets.nhle.com/mugs/nhl/latest/8483424.png
8483425,Lian Bichsel,Lian,Bichsel,https://assets.nhle.com/mugs/nhl/latest/8483425.png
8483429,Seamus Casey,Seamus,Casey,https://assets.nhle.com/mugs/nhl/latest/8483429.png
8483431,Logan Cooley,Logan,Cooley,https://assets.nhle.com/mugs/nhl/latest/8483431.png
8483432,Luca Del Bel Belluz,Luca,Del Bel Belluz,https://assets.nhle.com/mugs/nhl/latest/8483432.png
8483433,Jack Devine,Jack,Devine,https://assets.nhle.com/mugs/nhl/latest/8483433.png
8483445,Cutter Gauthier,Cutter,Gauthier,https://assets.nhle.com/mugs/nhl/latest/8483445.png
8483447,Conor Geekie,Conor,Geekie,https://assets.nhle.com/mugs/nhl/latest/8483447.png
8483450,Ryan Greene,Ryan,Greene,https://assets.nhle.com/mugs/nhl/latest/8483450.png
8483452,Hunter Haight,Hunter,Haight,https://assets.nhle.com/mugs/nhl/latest/8483452.png
8483455,Isaac Howard,Isaac,Howard,https://assets.nhle.com/mugs/nhl/latest/8483455.png
8483457,Lane Hutson,Lane,Hutson,https://assets.nhle.com/mugs/nhl/latest/8483457.png
8483460,David Jiricek,David,Jiricek,https://assets.nhle.com/mugs/nhl/latest/8483460.png
8483464,Marco Kasper,Marco,Kasper,https://assets.nhle.com/mugs/nhl/latest/8483464.png
8483465,Joakim Kemell,Joakim,Kemell,https://assets.nhle.com/mugs/nhl/latest/8483465.png
8483468,Jiri Kulich,Jiri,Kulich,https://assets.nhle.com/mugs/nhl/latest/8483468.png
8483471,Brad Lambert,Brad,Lambert,https://assets.nhle.com/mugs/nhl/latest/8483471.png
8483476,Jonathan Lekkerimäki,Jonathan,Lekkerimäki,https://assets.nhle.com/mugs/nhl/latest/8483476.png
8483485,Denton Mateychuk,Denton,Mateychuk,https://assets.nhle.com/mugs/nhl/latest/8483485.png
8483489,Fraser Minten,Fraser,Minten,https://assets.nhle.com/mugs/nhl/latest/8483489.png
8483490,Pavel Mintyukov,Pavel,Mintyukov,https://assets.nhle.com/mugs/nhl/latest/8483490.png
8483493,Frank Nazar,Frank,Nazar,https://assets.nhle.com/mugs/nhl/latest/8483493.png
8483495,Simon Nemec,Simon,Nemec,https://assets.nhle.com/mugs/nhl/latest/8483495.png
8483497,Jani Nyman,Jani,Nyman,https://assets.nhle.com/mugs/nhl/latest/8483497.png
8483499,Liam Ohgren,Liam,Ohgren,https://assets.nhle.com/mugs/nhl/latest/8483499.png
8483500,Noah Ostlund,Noah,Ostlund,https://assets.nhle.com/mugs/nhl/latest/8483500.png
8483503,Owen Pickering,Owen,Pickering,https://assets.nhle.com/mugs/nhl/latest/8483503.png
8483506,Sam Rinzel,Sam,Rinzel,https://assets.nhle.com/mugs/nhl/latest/8483506.png
8483512,Matt Savoie,Matt,Savoie,https://assets.nhle.com/mugs/nhl/latest/8483512.png
8483515,Juraj Slafkovský,Juraj,Slafkovský,https://assets.nhle.com/mugs/nhl/latest/8483515.png
8483516,Jimmy Snuggerud,Jimmy,Snuggerud,https://assets.nhle.com/mugs/nhl/latest/8483516.png
8483524,Shane Wright,Shane,Wright,https://assets.nhle.com/mugs/nhl/latest/8483524.png
8483525,Danila Yurov,Danila,Yurov,https://assets.nhle.com/mugs/nhl/latest/8483525.png
8483531,Brian Halonen,Brian,Halonen,https://assets.nhle.com/mugs/nhl/latest/8483531.png
8483553,Marc Gatcomb,Marc,Gatcomb,https://assets.nhle.com/mugs/nhl/latest/8483553.png
8483565,Nick Blankenburg,Nick,Blankenburg,https://assets.nhle.com/mugs/nhl/latest/8483565.png
8483570,Ben Meyers,Ben,Meyers,https://assets.nhle.com/mugs/nhl/latest/8483570.png
8483573,Ethen Frank,Ethen,Frank,https://assets.nhle.com/mugs/nhl/latest/8483573.png
8483609,Adam Klapka,Adam,Klapka,https://assets.nhle.com/mugs/nhl/latest/8483609.png
8483676,Stephen Halliday,Stephen,Halliday,https://assets.nhle.com/mugs/nhl/latest/8483676.png
8483690,Noah Laba,Noah,Laba,https://assets.nhle.com/mugs/nhl/latest/8483690.png
8483728,Jared Davidson,Jared,Davidson,https://assets.nhle.com/mugs/nhl/latest/8483728.png
8483733,Nikita Grebenkin,Nikita,Grebenkin,https://assets.nhle.com/mugs/nhl/latest/8483733.png
8483752,Dominic James,Dominic,James,https://assets.nhle.com/mugs/nhl/latest/8483752.png
8483768,Victor Mancini,Victor,Mancini,https://assets.nhle.com/mugs/nhl/latest/8483768.png
8483808,Andrei Kuzmenko,Andrei,Kuzmenko,https://assets.nhle.com/mugs/nhl/latest/8483808.png
8483890,Braeden Bowman,Braeden,Bowman,https://assets.nhle.com/mugs/nhl/latest/8483890.png
8484135,Parker Ford,Parker,Ford,https://assets.nhle.com/mugs/nhl/latest/8484135.png
8484136,Max Sasson,Max,Sasson,https://assets.nhle.com/mugs/nhl/latest/8484136.png
8484144,Connor Bedard,Connor,Bedard,https://assets.nhle.com/mugs/nhl/latest/8484144.png
8484145,Zach Benson,Zach,Benson,https://assets.nhle.com/mugs/nhl/latest/8484145.png
8484149,Gavin Brindley,Gavin,Brindley,https://assets.nhle.com/mugs/nhl/latest/8484149.png
8484153,Leo Carlsson,Leo,Carlsson,https://assets.nhle.com/mugs/nhl/latest/8484153.png
8484158,Easton Cowan,Easton,Cowan,https://assets.nhle.com/mugs/nhl/latest/8484158.png
8484160,Nate Danielson,Nate,Danielson,https://assets.nhle.com/mugs/nhl/latest/8484160.png
8484164,Dalibor Dvorsky,Dalibor,Dvorsky,https://assets.nhle.com/mugs/nhl/latest/8484164.png
8484166,Adam Fantilli,Adam,Fantilli,https://assets.nhle.com/mugs/nhl/latest/8484166.png
8484168,Oscar Fisker Molgaard,Oscar,Fisker Molgaard,https://assets.nhle.com/mugs/nhl/latest/8484168.png
8484180,Samuel Honzek,Samuel,Honzek,https://assets.nhle.com/mugs/nhl/latest/8484180.png
8484186,Ryan Leonard,Ryan,Leonard,https://assets.nhle.com/mugs/nhl/latest/8484186.png
8484197,Oliver Moore,Oliver,Moore,https://assets.nhle.com/mugs/nhl/latest/8484197.png
8484203,Bradly Nadeau,Bradly,Nadeau,https://assets.nhle.com/mugs/nhl/latest/8484203.png
8484210,Gabe Perreault,Gabe,Perreault,https://assets.nhle.com/mugs/nhl/latest/8484210.png
8484221,Calum Ritchie,Calum,Ritchie,https://assets.nhle.com/mugs/nhl/latest/8484221.png
8484223,Axel Sandin-Pellikka,Axel,Sandin-Pellikka,https://assets.nhle.com/mugs/nhl/latest/8484223.png
8484227,Will Smith,Will,Smith,https://assets.nhle.com/mugs/nhl/latest/8484227.png
8484240,Tom Willander,Tom,Willander,https://assets.nhle.com/mugs/nhl/latest/8484240.png
8484241,Matthew Wood,Matthew,Wood,https://assets.nhle.com/mugs/nhl/latest/8484241.png
8484255,Jason Polin,Jason,Polin,https://assets.nhle.com/mugs/nhl/latest/8484255.png
8484258,Sam Malinski,Sam,Malinski,https://assets.nhle.com/mugs/nhl/latest/8484258.png
8484304,Uvis Balinskis,Uvis,Balinskis,https://assets.nhle.com/mugs/nhl/latest/8484304.png
8484305,Zach Metsa,Zach,Metsa,https://assets.nhle.com/mugs/nhl/latest/8484305.png
8484321,Nikolas Matinpalo,Nikolas,Matinpalo,https://assets.nhle.com/mugs/nhl/latest/8484321.png
8484386,Dmitri Simashev,Dmitri,Simashev,https://assets.nhle.com/mugs/nhl/latest/8484386.png
8484387,Matvei Michkov,Matvei,Michkov,https://assets.nhle.com/mugs/nhl/latest/8484387.png
8484403,Florian Xhekaj,Florian,Xhekaj,https://assets.nhle.com/mugs/nhl/latest/8484403.png
8484428,Charles Alexis Legault,Charles Alexis,Legault,https://assets.nhle.com/mugs/nhl/latest/8484428.png
8484471,Emmitt Finnie,Emmitt,Finnie,https://assets.nhle.com/mugs/nhl/latest/8484471.png
8484529,Connor Clattenburg,Connor,Clattenburg,https://assets.nhle.com/mugs/nhl/latest/8484529.png
8484762,Beckett Sennecke,Beckett,Sennecke,https://assets.nhle.com/mugs/nhl/latest/8484762.png
8484768,Zayne Parekh,Zayne,Parekh,https://assets.nhle.com/mugs/nhl/latest/8484768.png
8484779,Jett Luchanko,Jett,Luchanko,https://assets.nhle.com/mugs/nhl/latest/8484779.png
8484783,Artyom Levshunov,Artyom,Levshunov,https://assets.nhle.com/mugs/nhl/latest/8484783.png
8484794,Michael Brandsegg-Nygård,Michael,Brandsegg-Nygård,https://assets.nhle.com/mugs/nhl/latest/8484794.png
8484798,Zeev Buium,Zeev,Buium,https://assets.nhle.com/mugs/nhl/latest/8484798.png
8484800,Berkly Catton,Berkly,Catton,https://assets.nhle.com/mugs/nhl/latest/8484800.png
8484801,Macklin Celebrini,Macklin,Celebrini,https://assets.nhle.com/mugs/nhl/latest/8484801.png
8484806,Sam Dickinson,Sam,Dickinson,https://assets.nhle.com/mugs/nhl/latest/8484806.png
8484821,Sam Morton,Sam,Morton,https://assets.nhle.com/mugs/nhl/latest/8484821.png
8484829,Justin Hryckowian,Justin,Hryckowian,https://assets.nhle.com/mugs/nhl/latest/8484829.png
8484839,Harrison Brunicke,Harrison,Brunicke,https://assets.nhle.com/mugs/nhl/latest/8484839.png
8484860,Matvei Gridin,Matvei,Gridin,https://assets.nhle.com/mugs/nhl/latest/8484860.png
8484901,Jacob Quillan,Jacob,Quillan,https://assets.nhle.com/mugs/nhl/latest/8484901.png
8484911,Collin Graf,Collin,Graf,https://assets.nhle.com/mugs/nhl/latest/8484911.png
8484958,Maxim Tsyplakov,Maxim,Tsyplakov,https://assets.nhle.com/mugs/nhl/latest/8484958.png
8484984,Ivan Demidov,Ivan,Demidov,https://assets.nhle.com/mugs/nhl/latest/8484984.png
8485366,Matthew Schaefer,Matthew,Schaefer,https://assets.nhle.com/mugs/nhl/latest/8485366.png
8485385,Braeden Cootes,Braeden,Cootes,https://assets.nhle.com/mugs/nhl/latest/8485385.png
8485402,Michael Misa,Michael,Misa,https://assets.nhle.com/mugs/nhl/latest/8485402.png
8485405,Brady Martin,Brady,Martin,https://assets.nhle.com/mugs/nhl/latest/8485405.png
8485414,Ben Kindel,Ben,Kindel,https://assets.nhle.com/mugs/nhl/latest/8485414.png
8485493,David Tomasek,David,Tomasek,https://assets.nhle.com/mugs/nhl/latest/8485493.png
8485702,Max Shabanov,Max,Shabanov,https://assets.nhle.com/mugs/nhl/latest/8485702.png
